12asA00	12asA00
1a9xB01	1a9xB01
1avyB00	1avyB00
1b9nA03	1b9nA03
1bo7A00	1bo7A00
1c3yA00	1c3yA00
1cgtA02	1cgtA02
1d1rA00	1d1rA00
1dljA03	1dljA03
1e57B00	1e57B00
1ehiA03	1ehiA03
1eysH02	1eysH02
1fftB01	1fftB01
1fx3B00	1fx3B00
1gdjA00	1gdjA00
1gteA04	1gteA04
1h54B01	1h54B01
1hpgA02	1hpgA02
1i5xA00	1i5xA00
1in0A02	1in0A02
1j2rA00	1j2rA00
1jg5A00	1jg5A00
1jt8A00	1jt8A00
1kbpA02	1kbpA02
1ks6A00	1ks6A00
1l7yA00	1l7yA00
1lslA01	1lslA01
1mepA00	1mepA00
1n3kA00	1n3kA00
1nkgA01	1nkgA01
1o7fA02	1o7fA02
1opoC01	1opoC01
1pcfA00	1pcfA00
1pqsA00	1pqsA00
1qexA03	1qexA03
1qzpA00	1qzpA00
1ripA00	1ripA00
1s2mA02	1s2mA02
1shxA00	1shxA00
1sxjB03	1sxjB03
1tedA02	1tedA02
1tzbA01	1tzbA01
1uf2C02	1uf2C02
1v5dA01	1v5dA01
1vi7A01	1vi7A01
1vsrA00	1vsrA00
1vzsA01	1vzsA01
1wfiA00	1wfiA00
1wm1A00	1wm1A00
1wxrA01	1wxrA01
1xhbA02	1xhbA02
1y56A04	1y56A04
1yocA00	1yocA00
1z6tA05	1z6tA05
1ztmA03	1ztmA03
2abkA01	2abkA01
2azkA00	2azkA00
2bsqE01	2bsqE01
2ccyA00	2ccyA00
2crqA01	2crqA01
2d9vA01	2d9vA01
2dneA00	2dneA00
2e3tB05	2e3tB05
2eg4A01	2eg4A01
2f40A00	2f40A00
2fmyA01	2fmyA01
2gauA02	2gauA02
2hewF00	2hewF00
2hvrA03	2hvrA03
2in3A02	2in3A02
2j9lA02	2j9lA02
2joeA01	2joeA01
2jyeA01	2jyeA01
2k85A00	2k85A00
2kj8A00	2kj8A00
2kqrA01	2kqrA01
2kz8A01	2kz8A01
2l9bA00	2l9bA00
2lknA00	2lknA00
2ltsA00	2ltsA00
2m68A00	2m68A00
2mjhA00	2mjhA00
2n7yA00	2n7yA00
2o3jA03	2o3jA03
2oqbA00	2oqbA00
2pf5D00	2pf5D00
2q8rE00	2q8rE00
2qv6A01	2qv6A01
2riqA01	2riqA01
2uwqA00	2uwqA00
2vh7A00	2vh7A00
2vy6A02	2vy6A02
2wb8A01	2wb8A01
2wvoA00	2wvoA00
2x9zA02	2x9zA02
2xtqA01	2xtqA01
2y8uB00	2y8uB00
2yq2A02	2yq2A02
2zanA02	2zanA02
2zw5A02	2zw5A02
3abqA02	3abqA02
3au4A02	3au4A02
3bjdA01	3bjdA01
3cawA02	3cawA02
3cx5A01	3cx5A01
3dmqA01	3dmqA01
3en9A03	3en9A03
3f6gA01	3f6gA01
3fjuB00	3fjuB00
3ghmA03	3ghmA03
3h0gI02	3h0gI02
3hrdC02	3hrdC02
3ibyB01	3ibyB01
3j7aF02	3j7aF02
3k3oA02	3k3oA02
3knqA02	3knqA02
3lcnB00	3lcnB00
3m4xA03	3m4xA03
3mudB02	3mudB02
3nqiA02	3nqiA02
3odhA00	3odhA00
3p3gA02	3p3gA02
3popA02	3popA02
3qdkA02	3qdkA02
3r96B00	3r96B00
3s93A00	3s93A00
3t6pA03	3t6pA03
3tp3A02	3tp3A02
3us3A01	3us3A01
3vmnA02	3vmnA02
3w6vA00	3w6vA00
3wnzA04	3wnzA04
3zoqC00	3zoqC00
4a17S00	4a17S00
4afiB00	4afiB00
4arfA02	4arfA02
4bcuA00	4bcuA00
4bwsF00	4bwsF00
4ccvA00	4ccvA00
4d7sA01	4d7sA01
4durB01	4durB01
4ernA00	4ernA00
4fhrA00	4fhrA00
4g0aA01	4g0aA01
4gs7C02	4gs7C02
4hq1A02	4hq1A02
4i9cA01	4i9cA01
4inoA01	4inoA01
4jdzB03	4jdzB03
4k84A00	4k84A00
4kypA00	4kypA00
4luhA02	4luhA02
4mypA00	4mypA00
4ntcA02	4ntcA02
4ou7A00	4ou7A00
4q45A03	4q45A03
4r9iA02	4r9iA02
4u5pA00	4u5pA00
4wj0A01	4wj0A01
4yldA00	4yldA00
5a1mA00	5a1mA00
5bqtC02	5bqtC02
5dnyA02	5dnyA02
5fq0A00	5fq0A00
5i2yA00	5i2yA00
5k24C00	5k24C00
1em7A00	1em7A00
153lA00	153lA00
1aa7A02	1aa7A02
1aw8B00	1aw8B00
1b9vA00	1b9vA00
1bp1A01	1bp1A01
1c4kA02	1c4kA02
1chpD00	1chpD00
1d2dA00	1d2dA00
1dm9A00	1dm9A00
1e5tA02	1e5tA02
1ehwA00	1ehwA00
1eysL01	1eysL01
1ffvB03	1ffvB03
1fx7B03	1fx7B03
1gerA02	1gerA02
1gtvA00	1gtvA00
1h67A00	1h67A00
1hq0A00	1hq0A00
1i7xB00	1i7xB00
1in4A03	1in4A03
1j2zA02	1j2zA02
1jh6A00	1jh6A00
1ju3A02	1ju3A02
1kcxA02	1kcxA02
1ks9A02	1ks9A02
1lajB00	1lajB00
1lucB00	1lucB00
1mgrA00	1mgrA00
1n3tA02	1n3tA02
1nkgA03	1nkgA03
1o7iB00	1o7iB00
1oq4A00	1oq4A00
1pd3A00	1pd3A00
1pseA00	1pseA00
1qguB02	1qguB02
1qzrA01	1qzrA01
1rj1A00	1rj1A00
1s2oA02	1s2oA02
1sixA00	1sixA00
1sxjC03	1sxjC03
1tezA01	1tezA01
1u0bB02	1u0bB02
1uglA00	1uglA00
1v5eA03	1v5eA03
1vi7A02	1vi7A02
1vtmP00	1vtmP00
1vzyA01	1vzyA01
1wfmA00	1wfmA00
1wmdA01	1wmdA01
1wxvA01	1wxvA01
1xhhA00	1xhhA00
1y5iA04	1y5iA04
1yq2A02	1yq2A02
1z8gA01	1z8gA01
1zu0A03	1zu0A03
2abyA00	2abyA00
2b0fA02	2b0fA02
2bt9C01	2bt9C01
2cfoA02	2cfoA02
2cruA01	2cruA01
2dawA01	2dawA01
2dnfA01	2dnfA01
2e4tA02	2e4tA02
2egvA01	2egvA01
2f48A03	2f48A03
2fnaA02	2fnaA02
2gdgA00	2gdgA00
2gysA01	2gysA01
2hezA00	2hezA00
2hw0A00	2hw0A00
2incB00	2incB00
2ja2A04	2ja2A04
2joiA00	2joiA00
2jz6A01	2jz6A01
2k88A00	2k88A00
2kjgA00	2kjgA00
2kr5A01	2kr5A01
2kzhA00	2kzhA00
2l9fA00	2l9fA00
2ll0A00	2ll0A00
2ltuA00	2ltuA00
2m6bA00	2m6bA00
2mk5A00	2mk5A00
2nc9A00	2nc9A00
2o4aA00	2o4aA00
2or2A00	2or2A00
2pffB05	2pffB05
2q8vB00	2q8vB00
2qvaA02	2qvaA02
2rjiA00	2rjiA00
2uxtA03	2uxtA03
2vhjA02	2vhjA02
2vycA01	2vycA01
2wbiB03	2wbiB03
2wvsA01	2wvsA01
2xciC01	2xciC01
2xtsB01	2xtsB01
2y94A03	2y94A03
2yqrA01	2yqrA01
2zayA00	2zayA00
2zx2A01	2zx2A01
3abqB03	3abqB03
3av0A01	3av0A01
3bk6A01	3bk6A01
3caxA01	3caxA01
3cx5A02	3cx5A02
3dnjA00	3dnjA00
3en9A04	3en9A04
3f6kA02	3f6kA02
3fk5A01	3fk5A01
3giaA00	3giaA00
3h0gK00	3h0gK00
3hrzA04	3hrzA04
3ideA02	3ideA02
3j7aG01	3j7aG01
3k3wB02	3k3wB02
3kp1E02	3kp1E02
3lcrB00	3lcrB00
3m4yA01	3m4yA01
3mvdK00	3mvdK00
3nqzA02	3nqzA02
3oeeC03	3oeeC03
3p3iA00	3p3iA00
3ppsA02	3ppsA02
3qe5A01	3qe5A01
3rbyA01	3rbyA01
3safA02	3safA02
3t7zA00	3t7zA00
3tp9A02	3tp9A02
3uswA03	3uswA03
3vmnA03	3vmnA03
3w81A02	3w81A02
1mmoB00	1mmoB00
1nayB00	1nayB00
1nt2B01	1nt2B01
1ogoX01	1ogoX01
1otvA00	1otvA00
1pgw200	1pgw200
1pyaA00	1pyaA00
1ql0A00	1ql0A00
1r4gA00	1r4gA00
1rocA00	1rocA00
1s79A00	1s79A00
1so3B00	1so3B00
1t0bA00	1t0bA00
1tkeA01	1tkeA01
1u4gA01	1u4gA01
1umhA00	1umhA00
1v77A00	1v77A00
1vpqA00	1vpqA00
1vw4M01	1vw4M01
1w36D01	1w36D01
1wh0A01	1wh0A01
1wpbG01	1wpbG01
1x0tA01	1x0tA01
1xo8A00	1xo8A00
1yacA00	1yacA00
1yu0A01	1yu0A01
1zccA00	1zccA00
1zwtA00	1zwtA00
2al3A00	2al3A00
2b8iA00	2b8iA00
2bykA00	2bykA00
2ci8A01	2ci8A01
2cyjA00	2cyjA00
2ddxA00	2ddxA00
2ds2D01	2ds2D01
2e7gA01	2e7gA01
2eq5A02	2eq5A02
2fboJ02	2fboJ02
2fsdA00	2fsdA00
2gjuA00	2gjuA00
2h6oA02	2h6oA02
2hivA03	2hivA03
2i0rA01	2i0rA01
2iumA00	2iumA00
2jh1A01	2jh1A01
2jqoA01	2jqoA01
2k37A00	2k37A00
2kcqA00	2kcqA00
2kl1A01	2kl1A01
2ksnA01	2ksnA01
2l1aA00	2l1aA00
2lcqA01	2lcqA01
2loqA01	2loqA01
2lxrA00	2lxrA00
2m9vA00	2m9vA00
2mn5A00	2mn5A00
2nogA01	2nogA01
2o8bB01	2o8bB01
2oyoA01	2oyoA01
2pmzK00	2pmzK00
2qfiA01	2qfiA01
2qz5A00	2qz5A00
2rq1A00	2rq1A00
2v2gD02	2v2gD02
2vngA00	2vngA00
2vztA03	2vztA03
2wgmA01	2wgmA01
2wzoA01	2wzoA01
2xgvA00	2xgvA00
2xxpA01	2xxpA01
2yhgA01	2yhgA01
2yvzA01	2yvzA01
2zjqF01	2zjqF01
2zyrB03	2zyrB03
3aieA03	3aieA03
3b40A02	3b40A02
3bulA01	3bulA01
3cj8B02	3cj8B02
3d19B00	3d19B00
3e0gA01	3e0gA01
3erjA00	3erjA00
3fauB00	3fauB00
3fwmA01	3fwmA01
3gm8A05	3gm8A05
3h7lB02	3h7lB02
3hwcA01	3hwcA01
3igfA02	3igfA02
3jb9Z00	3jb9Z00
3k6yA02	3k6yA02
3kygA01	3kygA01
3lkxB00	3lkxB00
3ma5A00	3ma5A00
3n40P04	3n40P04
3nw0B01	3nw0B01
3onjA00	3onjA00
3p9pA03	3p9pA03
3pvlA04	3pvlA04
3qneA01	3qneA01
3rgaA01	3rgaA01
3sqgA01	3sqgA01
2xubA01	2xubA01
2yclA01	2yclA01
2ys4A01	2ys4A01
2zezC00	2zezC00
2zxqA01	2zxqA01
3abzA03	3abzA03
3ayhA00	3ayhA00
3bmbA02	3bmbA02
3cb4A05	3cb4A05
3cx5B02	3cx5B02
3dohA01	3dohA01
3eo5A01	3eo5A01
3f84B02	3f84B02
3fkeA01	3fkeA01
3gitB03	3gitB03
3h20A04	3h20A04
3hrzB02	3hrzB02
3ie4A00	3ie4A00
3j7aO00	3j7aO00
3k5pA03	3k5pA03
3kr9A01	3kr9A01
3ldhA02	3ldhA02
3m6aA03	3m6aA03
3mx7A00	3mx7A00
3nutB02	3nutB02
3ogdA01	3ogdA01
3p5bL01	3p5bL01
3pqsA01	3pqsA01
3qfmA00	3qfmA00
3rf3B01	3rf3B01
3sfzA01	3sfzA01
3tacB01	3tacB01
3tt9A00	3tt9A00
3uulA00	3uulA00
3vnyA02	3vnyA02
3w9iA06	3w9iA06
3wrbB02	3wrbB02
3zqsA01	3zqsA01
4a18L02	4a18L02
4aieA03	4aieA03
4asmB00	4asmB00
4bemJ00	4bemJ00
4bx9C00	4bx9C00
4cfsA02	4cfsA02
4d8mA03	4d8mA03
4dzjA01	4dzjA01
4etmB00	4etmB00
4fk8B01	4fk8B01
4g1gA02	4g1gA02
4gwmB03	4gwmB03
4hs1A00	4hs1A00
4ic9A00	4ic9A00
4ip2A02	4ip2A02
4jgsE00	4jgsE00
4kboA02	4kboA02
4l4qA03	4l4qA03
4lyqA00	4lyqA00
4n4uB00	4n4uB00
4nwvA01	4nwvA01
4p02A02	4p02A02
4qasA00	4qasA00
4rbnA01	4rbnA01
4u8uM02	4u8uM02
4wksC03	4wksC03
4yrvA02	4yrvA02
5a2qf00	5a2qf00
5by2A00	5by2A00
5dzzA01	5dzzA01
5ftaA00	5ftaA00
5i78A00	5i78A00
5k8bA02	5k8bA02
1a05A00	1a05A00
1ac5A00	1ac5A00
1ay0A01	1ay0A01
1balA00	1balA00
1bq5A02	1bq5A02
1c6rA00	1c6rA00
1ciaA00	1ciaA00
1d3yA01	1d3yA01
1dmzA00	1dmzA00
1e6vA03	1e6vA03
1ej5A00	1ej5A00
1ezgA00	1ezgA00
1fgxA00	1fgxA00
1g01A00	1g01A00
1gh9A00	1gh9A00
1gvhA01	1gvhA01
1h8mA00	1h8mA00
1hqz800	1hqz800
1i9dA00	1i9dA00
1iojA00	1iojA00
1j4sA00	1j4sA00
1ji8A02	1ji8A02
1jw3A00	1jw3A00
1kfdA01	1kfdA01
1kuxA00	1kuxA00
1lbuA02	1lbuA02
1lwjA03	1lwjA03
1mixA01	1mixA01
1n7oA03	1n7oA03
1nm7A00	1nm7A00
1o9iA02	1o9iA02
1oqvA00	1oqvA00
1pf5A00	1pf5A00
1pvdA03	1pvdA03
1qhhB01	1qhhB01
1r17A02	1r17A02
1rkiA01	1rkiA01
1s5jA04	1s5jA04
1sknP00	1sknP00
1sxrA00	1sxrA00
1tg7A03	1tg7A03
1u0vB01	1u0vB01
1uhvA02	1uhvA02
1v60A01	1v60A01
1vliA02	1vliA02
1vw4E00	1vw4E00
1w1hD00	1w1hD00
1wfxA01	1wfxA01
1wnhA01	1wnhA01
1wyuA02	1wyuA02
1xk4D00	1xk4D00
1y6dA00	1y6dA00
1yrtA02	1yrtA02
1zatA01	1zatA01
1zujA00	1zujA00
2af5A01	2af5A01
2b3aA00	2b3aA00
2bvbA00	2bvbA00
2cfoA05	2cfoA05
2cu2A00	2cu2A00
2db2A01	2db2A01
2dohX00	2dohX00
2e5oA00	2e5oA00
2ejaA00	2ejaA00
2f66C00	2f66C00
2fokA03	2fokA03
2ggdA02	2ggdA02
2h09A02	2h09A02
2hg6A00	2hg6A00
2hyvA01	2hyvA01
2ip2A01	2ip2A01
2jaeA03	2jaeA03
2jp7A00	2jp7A00
2jzvA00	2jzvA00
2k9pA00	2k9pA00
2kjzA01	2kjzA01
2kraA00	2kraA00
2kzvA01	2kzvA01
2la7A01	2la7A01
2llzA01	2llzA01
2lvvA00	2lvvA00
2m7aA00	2m7aA00
2mkyA00	2mkyA00
2ndpA00	2ndpA00
2o5iC06	2o5iC06
2oudA00	2oudA00
2pgnA01	2pgnA01
2qb7A01	2qb7A01
2qy0A01	2qy0A01
2rn9A00	2rn9A00
2uy6C01	2uy6C01
2vk9A03	2vk9A03
2vz8A03	2vz8A03
2wcoA01	2wcoA01
2wwxB00	2wwxB00
2xedC00	2xedC00
2xvlA02	2xvlA02
2yeqA01	2yeqA01
2ys9A00	2ys9A00
2zf8A01	2zf8A01
2zxqA03	2zxqA03
3achA00	3achA00
3ayvD00	3ayvD00
3bmzA00	3bmzA00
3cf0A01	3cf0A01
3cx5E01	3cx5E01
3dp7B01	3dp7B01
3eq1A02	3eq1A02
3f8mA01	3f8mA01
3flpA00	3flpA00
3gjnA00	3gjnA00
3h33A00	3h33A00
3hshE00	3hshE00
3ieyB00	3ieyB00
3j7ye00	3j7ye00
3k6jA01	3k6jA01
3kraC00	3kraC00
3lf7A01	3lf7A01
3m6wA03	3m6wA03
3mxnB00	3mxnB00
3nutC01	3nutC01
3ohmB04	3ohmB04
3p5mA02	3p5mA02
3pqsA03	3pqsA03
3qhoA00	3qhoA00
3rfeA00	3rfeA00
3shsA02	3shsA02
3tacB03	3tacB03
3tufB00	3tufB00
3uxfA02	3uxfA02
3volA00	3volA00
3wa1A01	3wa1A01
3wstA04	3wstA04
3zrgA00	3zrgA00
4a18O00	4a18O00
4aivA00	4aivA00
4atgA00	4atgA00
4beqA02	4beqA02
4bxjB01	4bxjB01
4cgkA02	4cgkA02
4da2A01	4da2A01
4dzzA00	4dzzA00
4ev6A03	4ev6A03
4fl0A02	4fl0A02
4g1iA02	4g1iA02
4gx0B04	4gx0B04
4huqS00	4huqS00
4icvA00	4icvA00
4ip8A00	4ip8A00
4jiwD00	4jiwD00
4kbuK02	4kbuK02
4l7qA00	4l7qA00
4lziA01	4lziA01
4n6qA00	4n6qA00
4nx0A01	4nx0A01
4p02A03	4p02A03
4qbdB01	4qbdB01
4rdtA01	4rdtA01
4u99B00	4u99B00
4wl2A00	4wl2A00
4ysxA04	4ysxA04
5a4aA00	5a4aA00
5by7A02	5by7A02
5e1qB01	5e1qB01
5fusA01	5fusA01
5iebA00	5iebA00
5kcoA03	5kcoA03
1a0aA00	1a0aA00
1acoA01	1acoA01
1ayaA00	1ayaA00
1bbyA00	1bbyA00
1bqbA02	1bqbA02
1c7kA00	1c7kA00
1cjaA02	1cjaA02
1d4aA00	1d4aA00
1dofA03	1dofA03
1e6vC00	1e6vC00
1ej6A01	1ej6A01
1ezjA01	1ezjA01
1fhfA02	1fhfA02
1g0hA01	1g0hA01
1ghsA00	1ghsA00
1gwcA02	1gwcA02
1h8uB00	1h8uB00
1hsjB03	1hsjB03
1ia5A00	1ia5A00
1iooA00	1iooA00
1j5sA02	1j5sA02
1jj2A03	1jj2A03
1jyoA00	1jyoA00
1kfiA04	1kfiA04
1kvbA00	1kvbA00
1lcsA00	1lcsA00
1lwuB02	1lwuB02
1mjdA00	1mjdA00
1n7sB00	1n7sB00
1nnvA01	1nnvA01
1oaoC01	1oaoC01
1or4B00	1or4B00
1pfjA00	1pfjA00
1pw4A01	1pw4A01
1qhhB02	1qhhB02
1r1mA00	1r1mA00
1rkqA02	1rkqA02
1s5lB02	1s5lB02
1skoB00	1skoB00
1sz9C00	1sz9C00
1tgoA02	1tgoA02
1u1qA01	1u1qA01
1uhwA00	1uhwA00
1v66A00	1v66A00
1vmdA00	1vmdA00
1vw4G00	1vw4G00
1w27A03	1w27A03
1wfyA01	1wfyA01
1wnjA00	1wnjA00
1wyuB03	1wyuB03
1xlrA00	1xlrA00
1y6kR02	1y6kR02
1yrvA00	1yrvA00
1zbhA01	1zbhA01
1zuoB00	1zuoB00
2ahfA00	2ahfA00
2b3yA05	2b3yA05
2bvfA03	2bvfA03
2cfqA01	2cfqA01
2cujA01	2cujA01
2dc1A02	2dc1A02
2dp9A01	2dp9A01
2e5vA03	2e5vA03
2ekiA00	2ekiA00
2f8aB00	2f8aB00
2fomB01	2fomB01
2ggoA02	2ggoA02
2h1cA00	2h1cA00
2hg7A00	2hg7A00
2hz8A00	2hz8A00
2ip6A00	2ip6A00
2jbrA03	2jbrA03
2jpeA00	2jpeA00
2k0lA00	2k0lA00
2kanA01	2kanA01
2kk2A00	2kk2A00
2krhA00	2krhA00
2l01A00	2l01A00
2lbfB01	2lbfB01
2lmcB00	2lmcB00
2lw1A00	2lw1A00
2m7fA00	2m7fA00
2mlbA00	2mlbA00
2nluA02	2nluA02
2o5iN05	2o5iN05
2outA01	2outA01
2phcB02	2phcB02
2qbuA02	2qbuA02
2qyoA02	2qyoA02
2rnoA00	2rnoA00
2v0cA03	2v0cA03
2vk9A04	2vk9A04
2vz8A04	2vz8A04
2wcyA01	2wcyA01
2wy2D00	2wy2D00
2xepA03	2xepA03
2xvlA04	2xvlA04
2yeqA02	2yeqA02
2yskA00	2yskA00
2zgiA01	2zgiA01
2zxqA05	2zxqA05
3aekA03	3aekA03
3b0dB00	3b0dB00
3bn3B01	3bn3B01
3cf4G01	3cf4G01
3cxbB00	3cxbB00
3drxC01	3drxC01
3eq2A02	3eq2A02
3f8tA01	3f8tA01
3fpfA00	3fpfA00
3gkeA02	3gkeA02
3h6rA00	3h6rA00
3htxA01	3htxA01
3if8B02	3if8B02
3j7yg00	3j7yg00
3k6sA05	3k6sA05
3kvdD01	3kvdD01
3lgdA00	3lgdA00
3m7gA03	3m7gA03
3mzkB03	3mzkB03
3nv0A00	3nv0A00
3oisB00	3oisB00
3p5pA02	3p5pA02
3pqvA02	3pqvA02
3qhyB00	3qhyB00
3rfwA01	3rfwA01
3sl9G00	3sl9G00
3tadC02	3tadC02
3tupA02	3tupA02
3uzoA01	3uzoA01
3vpdA03	3vpdA03
3wa5B00	3wa5B00
3wurA00	3wurA00
3zrhA01	3zrhA01
4a18Q01	4a18Q01
4aj9A02	4aj9A02
4auiA00	4auiA00
4bfcA00	4bfcA00
4bxoA02	4bxoA02
4cgyA01	4cgyA01
4dbgA00	4dbgA00
4e01A01	4e01A01
4ex4A03	4ex4A03
4fl4F02	4fl4F02
4g1iA03	4g1iA03
4gx0B05	4gx0B05
4huzA02	4huzA02
4idhA01	4idhA01
4ipaA02	4ipaA02
4jixB00	4jixB00
4kcaA02	4kcaA02
4l8jA04	4l8jA04
4m00A03	4m00A03
4n73A00	4n73A00
4nxjB00	4nxjB00
4p02B01	4p02B01
4qbnA00	4qbnA00
4rf1A01	4rf1A01
4ub9A02	4ub9A02
4wnbA00	4wnbA00
4yt2A02	4yt2A02
5a5gA03	5a5gA03
5c2mA00	5c2mA00
5e1vB00	5e1vB00
5fwqA04	5fwqA04
5ijaA00	5ijaA00
5keiA02	5keiA02
1a0hA01	1a0hA01
1ad1A00	1ad1A00
1ayeA02	1ayeA02
1bcpD00	1bcpD00
1br2A02	1br2A02
1c7sA01	1c7sA01
1cjxB02	1cjxB02
1d7bA00	1d7bA00
1dp7P00	1dp7P00
1e7lA02	1e7lA02
1ej6A05	1ej6A05
1ezjA02	1ezjA02
1fi2A00	1fi2A00
1g12A00	1g12A00
1gikA01	1gikA01
1gwyA00	1gwyA00
1h9eA00	1h9eA00
1hskA03	1hskA03
1iakA01	1iakA01
1iq0A03	1iq0A03
1j6rA00	1j6rA00
1jj2J00	1jj2J00
1jyoE00	1jyoE00
1kfwA02	1kfwA02
1kvdA00	1kvdA00
1lddA00	1lddA00
1lxmA04	1lxmA04
1mjgM02	1mjgM02
1n81A00	1n81A00
1no5B00	1no5B00
1oaoC03	1oaoC03
1or5A00	1or5A00
1pfsA00	1pfsA00
1pw4A02	1pw4A02
1qhhC00	1qhhC00
1r1uB00	1r1uB00
1rkxA01	1rkxA01
1s5lH00	1s5lH00
1skyB01	1skyB01
1szhA01	1szhA01
1th0B00	1th0B00
1u2cA02	1u2cA02
1ukfA00	1ukfA00
1v6fA00	1v6fA00
1vmoA00	1vmoA00
1vw4J01	1vw4J01
1w36B04	1w36B04
1wg1A01	1wg1A01
1wosA04	1wosA04
1wywA00	1wywA00
1xn4A00	1xn4A00
1y76B00	1y76B00
1yrxC01	1yrxC01
1zbqA02	1zbqA02
1zv1A00	1zv1A00
2ahmH02	2ahmH02
2b5dX02	2b5dX02
2bvlA03	2bvlA03
2cfqA02	2cfqA02
2cveA02	2cveA02
2dcfA03	2dcfA03
2dpoA02	2dpoA02
2e5zA01	2e5zA01
2ekmA00	2ekmA00
2f93B00	2f93B00
2fonA04	2fonA04
2ggtB00	2ggtB00
2h21C01	2h21C01
2hgkA01	2hgkA01
2hzdA00	2hzdA00
2irvB00	2irvB00
2jbvA03	2jbvA03
2jpfA01	2jpfA01
2k0mA00	2k0mA00
2kbzA00	2kbzA00
2kk7A00	2kk7A00
2krtA01	2krtA01
2l08A00	2l08A00
2lc0A00	2lc0A00
2lmeA00	2lmeA00
2lw4A00	2lw4A00
2m7lA02	2m7lA02
2mlgA00	2mlgA00
2nmsA00	2nmsA00
2o5vA02	2o5vA02
2ox6D00	2ox6D00
2piaA01	2piaA01
2qc5A00	2qc5A00
2qyoB01	2qyoB01
2rohA01	2rohA01
2v0rA00	2v0rA00
2vkjA00	2vkjA00
2vz8A07	2vz8A07
2wdqA03	2wdqA03
2wyhA07	2wyhA07
2xevB00	2xevB00
2xvoB00	2xvoB00
2yevA02	2yevA02
2yugA00	2yugA00
2zgsA00	2zgsA00
2zxrA04	2zxrA04
3af5A02	3af5A02
3b0gA02	3b0gA02
3bpqD00	3bpqD00
3cg3A02	3cg3A02
3cxeC01	3cxeC01
3dshA01	3dshA01
3eqnA01	3eqnA01
3f8tA02	3f8tA02
3fpnB00	3fpnB00
3gldA01	3gldA01
3h6zA03	3h6zA03
3hueA01	3hueA01
3ifcA02	3ifcA02
3jamD01	3jamD01
3k6sC02	3k6sC02
3kvnA01	3kvnA01
3lhtA00	3lhtA00
3m7nA01	3m7nA01
3mzwA03	3mzwA03
3nvlA02	3nvlA02
3oiyB01	3oiyB01
3p7jB00	3p7jB00
3pr9A00	3pr9A00
3qibD01	3qibD01
3rfxA01	3rfxA01
3slkA01	3slkA01
3tavA00	3tavA00
3tvqA00	3tvqA00
3uzuA02	3uzuA02
3vpzA02	3vpzA02
3wa6A00	3wa6A00
3wuyA00	3wuyA00
3zs6A02	3zs6A02
4a2qA01	4a2qA01
4ajwA03	4ajwA03
4aukA01	4aukA01
4bfiB02	4bfiB02
4bxoB01	4bxoB01
4chdA00	4chdA00
4dbgB02	4dbgB02
4e04B01	4e04B01
4ex5B01	4ex5B01
4fldA00	4fldA00
4g1vA02	4g1vA02
4gx5A01	4gx5A01
4hvzA02	4hvzA02
4idvA02	4idvA02
4issA02	4issA02
4jj0B00	4jj0B00
4kcaA03	4kcaA03
4l9eA00	4l9eA00
4m0sA00	4m0sA00
4n7rC02	4n7rC02
4nyzA03	4nyzA03
4p02B03	4p02B03
4qbuA03	4qbuA03
4ri1C00	4ri1C00
4uc4A02	4uc4A02
4wqkA00	4wqkA00
4yvoA00	4yvoA00
5a6bA03	5a6bA03
5c71A02	5c71A02
5e3iA02	5e3iA02
5fxdA02	5fxdA02
5ilbA02	5ilbA02
5kohB04	5kohB04
1a0rP01	1a0rP01
1ad3A02	1ad3A02
1ayrB02	1ayrB02
1bctA00	1bctA00
1bt7A01	1bt7A01
1c7sA02	1c7sA02
1cjyA01	1cjyA01
1d7pM00	1d7pM00
1dpbA00	1dpbA00
1e7pC00	1e7pC00
1ej8A00	1ej8A00
1ezvC00	1ezvC00
1fiuA00	1fiuA00
1g1eB00	1g1eB00
1gjsA00	1gjsA00
1gxcA00	1gxcA00
1h9fA00	1h9fA00
1ht6A02	1ht6A02
1iapA00	1iapA00
1iq8A02	1iq8A02
1j78A05	1j78A05
1jjfA00	1jjfA00
1jz8A03	1jz8A03
1kgyA00	1kgyA00
1kvdB00	1kvdB00
1ldjA05	1ldjA05
1m06G00	1m06G00
1mkfA01	1mkfA01
1n88A00	1n88A00
2vxgB02	2vxgB02
2w9xA02	2w9xA02
2wuaA00	2wuaA00
2x8xX03	2x8xX03
2xt6B03	2xt6B03
2y7lA01	2y7lA01
2yoyA00	2yoyA00
2z99A02	2z99A02
2zvyB00	2zvyB00
3abgB03	3abgB03
3asmA01	3asmA01
3bh4A03	3bh4A03
3c8zA02	3c8zA02
3cwvA02	3cwvA02
3dkxA02	3dkxA02
3ejaA00	3ejaA00
3f5fA02	3f5fA02
3fidA00	3fidA00
3ghfA00	3ghfA00
3h0gA05	3h0gA05
3hr0A01	3hr0A01
3i9v104	3i9v104
3j27A05	3j27A05
3k2yA00	3k2yA00
3klyD00	3klyD00
3layF00	3layF00
3m1cA01	3m1cA01
3mq2A00	3mq2A00
3nowA01	3nowA01
3oc7A02	3oc7A02
3oyzA01	3oyzA01
3pmqA02	3pmqA02
3qb8A00	3qb8A00
3r5zA00	3r5zA00
3s6xC01	3s6xC01
3t6aA00	3t6aA00
3tnzA01	3tnzA01
3uomA02	3uomA02
3vkwA01	3vkwA01
3w5nA03	3w5nA03
3wnzA02	3wnzA02
3zmrA01	3zmrA01
4a15A02	4a15A02
4aefA04	4aefA04
4ar0A00	4ar0A00
4baxA01	4baxA01
4bwcA01	4bwcA01
4ccjA02	4ccjA02
4d53A00	4d53A00
4drsA03	4drsA03
4emiA03	4emiA03
4fguB02	4fguB02
4fzmA01	4fzmA01
4gqxA00	4gqxA00
4horA02	4horA02
4i98B01	4i98B01
4impA02	4impA02
4jc0A03	4jc0A03
4k7bA00	4k7bA00
4kx6C00	4kx6C00
4lsxC00	4lsxC00
4mtlA00	4mtlA00
4nreA01	4nreA01
4oq1A02	4oq1A02
4q11A00	4q11A00
4r7pA02	4r7pA02
4u49B02	4u49B02
4whiA00	4whiA00
4ykdA00	4ykdA00
5a0tA02	5a0tA02
5bpxA00	5bpxA00
5dncA01	5dncA01
5fmtB01	5fmtB01
5hx1A00	5hx1A00
5jtwA04	5jtwA04
4llfD02	4llfD02
1a9vA00	1a9vA00
1avbA00	1avbA00
1b9iA02	1b9iA02
1bmlC03	1bmlC03
1c3qA00	1c3qA00
1cfeA00	1cfeA00
1d1lA00	1d1lA00
1dl5A01	1dl5A01
1e53A00	1e53A00
1ehbA00	1ehbA00
1ex9A00	1ex9A00
1ffsB00	1ffsB00
1fx0B03	1fx0B03
1gd2F00	1gd2F00
1gt7A00	1gt7A00
1h54A02	1h54A02
1hp8A00	1hp8A00
1i5pA03	1i5pA03
1imoA00	1imoA00
1j2nA00	1j2nA00
1jfwA00	1jfwA00
1jswA02	1jswA02
1kblA03	1kblA03
1ks5A00	1ks5A00
1l6hA00	1l6hA00
1lshB00	1lshB00
1mdaH00	1mdaH00
1n27A00	1n27A00
1nj8A03	1nj8A03
1o7dC02	1o7dC02
1opoA02	1opoA02
1pc6A00	1pc6A00
1pprM02	1pprM02
1qcxA00	1qcxA00
1qzgA00	1qzgA00
1rifA02	1rifA02
1s1dA00	1s1dA00
1shuX00	1shuX00
1sxjA03	1sxjA03
1te7A00	1te7A00
1tyjA00	1tyjA00
1uebA01	1uebA01
1v54B01	1v54B01
1vhmB00	1vhmB00
1vsaT01	1vsaT01
1vz0A01	1vz0A01
1wexA01	1wexA01
1wloA00	1wloA00
1wxpA01	1wxpA01
1xfxA01	1xfxA01
1y4mA00	1y4mA00
1yo8A02	1yo8A02
1z6tA04	1z6tA04
1ztdA00	1ztdA00
2aajA00	2aajA00
2azeA01	2azeA01
2bpsA00	2bpsA00
2ccmA00	2ccmA00
2croA00	2croA00
2d7lA01	2d7lA01
2dmpA01	2dmpA01
2e3tB03	2e3tB03
2efpA02	2efpA02
2f2hA04	2f2hA04
2fmrA00	2fmrA00
2gaeA02	2gaeA02
2gy5A02	2gy5A02
2hetA02	2hetA02
2hu9A02	2hu9A02
2ilxA00	2ilxA00
2j8iA01	2j8iA01
2jodA01	2jodA01
2jxwA00	2jxwA00
2k6wA01	2k6wA01
2kj6A01	2kj6A01
2kq1A01	2kq1A01
2kyzA00	2kyzA00
2l8tA00	2l8tA00
2lkmB00	2lkmB00
2ltfA00	2ltfA00
2m67A00	2m67A00
2mj7A00	2mj7A00
2n74A00	2n74A00
2o3eA01	2o3eA01
2optB01	2optB01
2pd4A00	2pd4A00
2q7aA00	2q7aA00
2qv5A01	2qv5A01
2rhqB05	2rhqB05
2uwaA00	2uwaA00
2vh1A01	2vh1A01
2vy2A00	2vy2A00
2wb6A00	2wb6A00
2wusS00	2wusS00
2x98A02	2x98A02
2xtlA02	2xtlA02
2y8dA01	2y8dA01
2yq1C00	2yq1C00
2za0B00	2za0B00
2zw5A01	2zw5A01
3abqA01	3abqA01
3atsA01	3atsA01
3bi1A02	3bi1A02
3c97A02	3c97A02
3cwzB03	3cwzB03
3dmgA01	3dmgA01
3ejjB00	3ejjB00
3f5hA00	3f5hA00
3fiqA00	3fiqA00
3ghgB02	3ghgB02
3h0gE01	3h0gE01
3hr6A03	3hr6A03
3i9v700	3i9v700
3j4uH00	3j4uH00
3k30A03	3k30A03
3km5A00	3km5A00
3lb9A00	3lb9A00
3m20A00	3m20A00
3mtvA01	3mtvA01
3npfA02	3npfA02
3oceA03	3oceA03
3p1zB02	3p1zB02
3pmsA01	3pmsA01
3qdhA01	3qdhA01
3r8jA00	3r8jA00
3s79A00	3s79A00
3t6gB00	3t6gB00
3topA03	3topA03
3upvA00	3upvA00
3vliA04	3vliA04
3w6bB00	3w6bB00
3wnzA03	3wnzA03
3zo7B00	3zo7B00
4a15A03	4a15A03
4aeqA02	4aeqA02
4arfA01	4arfA01
4bcaA05	4bcaA05
4bwhA00	4bwhA00
4ccsA02	4ccsA02
4d70A00	4d70A00
4dt5A00	4dt5A00
4er8A00	4er8A00
4fhdA02	4fhdA02
4g08A01	4g08A01
4griA04	4griA04
4hppA01	4hppA01
4i99C00	4i99C00
4incB00	4incB00
4jc8A01	4jc8A01
4k7jA01	4k7jA01
4kxfB02	4kxfB02
4lu1A00	4lu1A00
4mtnA03	4mtnA03
4ns5A02	4ns5A02
4oq8A00	4oq8A00
4q2sA00	4q2sA00
4r8zA00	4r8zA00
4u5hA00	4u5hA00
4wipA00	4wipA00
4yl4A00	4yl4A00
5a0wD02	5a0wD02
5bqpD00	5bqpD00
5dnlA02	5dnlA02
5fpoA01	5fpoA01
5i14A00	5i14A00
5jtwA06	5jtwA06
1cmwA01	1cmwA01
5fszA00	5fszA00
5i4zA00	5i4zA00
5k39B02	5k39B02
2qkwA00	2qkwA00
1a02F00	1a02F00
1aamA02	1aamA02
1axiB02	1axiB02
1bagA01	1bagA01
1bprA00	1bprA00
1c5kA02	1c5kA02
1ci0B00	1ci0B00
1d2nA02	1d2nA02
1dmxA00	1dmxA00
1e6dM01	1e6dM01
1ei6A02	1ei6A02
1eyuA00	1eyuA00
1fguB01	1fguB01
1fzvA00	1fzvA00
1ggqA00	1ggqA00
1guxB00	1guxB00
1h7zA00	1h7zA00
1hqmD05	1hqmD05
1i8lC00	1i8lC00
1io1A03	1io1A03
1j4nA00	1j4nA00
1ji3A00	1ji3A00
1jvmB00	1jvmB00
1kf6D00	1kf6D00
1kskA01	1kskA01
1lbuA01	1lbuA01
1lvoA02	1lvoA02
1miwA03	1miwA03
1n69B00	1n69B00
1nlwD00	1nlwD00
1o97D01	1o97D01
1oqlB02	1oqlB02
1peqA03	1peqA03
1pv4B01	1pv4B01
1qhhA00	1qhhA00
1r0vA02	1r0vA02
1rk6A03	1rk6A03
1s3zA00	1s3zA00
1sk7A00	1sk7A00
1sxjE03	1sxjE03
1tg7A02	1tg7A02
1u0lA01	1u0lA01
1uh4A02	1uh4A02
1v5pA01	1v5pA01
1vkrA00	1vkrA00
1vw4501	1vw4501
1w0pA03	1w0pA03
1wfwA00	1wfwA00
1wmxB00	1wmxB00
1wylA01	1wylA01
1xjaE00	1xjaE00
1y69U01	1y69U01
1yqzA03	1yqzA03
1za7A00	1za7A00
1zu2A00	1zu2A00
2acmA00	2acmA00
2b2yC00	2b2yC00
2btvC03	2btvC03
2cfoA04	2cfoA04
2ctzA01	2ctzA01
2db1A01	2db1A01
2do7A01	2do7A01
2e52B01	2e52B01
2ei9A00	2ei9A00
2f5tX02	2f5tX02
2fo8A00	2fo8A00
2gfuA00	2gfuA00
2gzoA02	2gzoA02
2hfvA01	2hfvA01
2hy7A02	2hy7A02
2io2C00	2io2C00
2ja9A01	2ja9A01
2jozA01	2jozA01
2jzjA01	2jzjA01
2k9mA00	2k9mA00
2kjxA01	2kjxA01
2kr7A02	2kr7A02
2kzsA00	2kzsA00
2l9wA00	2l9wA00
2llvA00	2llvA00
2lu2A00	2lu2A00
2m74A02	2m74A02
2mkvA00	2mkvA00
2ncnA00	2ncnA00
2o4vA00	2o4vA00
2ot2A01	2ot2A01
2pfuA01	2pfuA01
2q9uB01	2q9uB01
2qvzX02	2qvzX02
2rn7A01	2rn7A01
2uxwA02	2uxwA02
2vk9A01	2vk9A01
2vywA00	2vywA00
2wbrA00	2wbrA00
2wwuA01	2wwuA01
2xdqB01	2xdqB01
2wscG00	2wscG00
2x5fA02	2x5fA02
2xpfB02	2xpfB02
2y2mA03	2y2mA03
2ynmD04	2ynmD04
2z5eA00	2z5eA00
2zuoA05	2zuoA05
3a8rA01	3a8rA01
3apuB00	3apuB00
3bchA01	3bchA01
3c7aA01	3c7aA01
3cskA03	3cskA03
3dgcS02	3dgcS02
3edyA02	3edyA02
3eyyA01	3eyyA01
3fg9C01	3fg9C01
3g8qA02	3g8qA02
3gxvB00	3gxvB00
3hiaA00	3hiaA00
3i5xA02	3i5xA02
3it4B01	3it4B01
3k1aA02	3k1aA02
3kihC02	3kihC02
3l6gA02	3l6gA02
3lxuX04	3lxuX04
3ml1A04	3ml1A04
3nhiA01	3nhiA01
3o4oB01	3o4oB01
3otvA02	3otvA02
3pioA01	3pioA01
3q8dA02	3q8dA02
3r1kA03	3r1kA03
3rvyA02	3rvyA02
3t47A00	3t47A00
3tk8C02	3tk8C02
3udcA03	3udcA03
3vhoA00	3vhoA00
3vzaA00	3vzaA00
3wltA02	3wltA02
3zheA02	3zheA02
3zywA01	3zywA01
4ac1X01	4ac1X01
4apoB00	4apoB00
4b86B00	4b86B00
4bqdB00	4bqdB00
4c91A01	4c91A01
4cvuA03	4cvuA03
4dlqA01	4dlqA01
4egwA02	4egwA02
4fcyB04	4fcyB04
4fw1A02	4fw1A02
4gkgA00	4gkgA00
4hizA03	4hizA03
4i6pA00	4i6pA00
4iihB04	4iihB04
4j7rB03	4j7rB03
4k30A00	4k30A00
4kr6A02	4kr6A02
4lo4B02	4lo4B02
4mmhA02	4mmhA02
4nn1A00	4nn1A00
4og1A02	4og1A02
4pw3A01	4pw3A01
4qxdB02	4qxdB02
4tx8A01	4tx8A01
4wcjA00	4wcjA00
4xvhA01	4xvhA01
4zpxA02	4zpxA02
5b3kA00	5b3kA00
5d6oA00	5d6oA00
5f8vA02	5f8vA02
5h9cA00	5h9cA00
5jiaJ00	5jiaJ00
5t67A04	5t67A04
1a87A01	1a87A01
1aq6A02	1aq6A02
1b5fC00	1b5fC00
1birA00	1birA00
1c07A00	1c07A00
1ce3A00	1ce3A00
1cywA00	1cywA00
1djxB01	1djxB01
1e0bA00	1e0bA00
1efdN01	1efdN01
1euaA00	1euaA00
1f7uA03	1f7uA03
1fs0E01	1fs0E01
1ga3A00	1ga3A00
1gq6B00	1gq6B00
1h2uA01	1h2uA01
1hn0A02	1hn0A02
1i2tA00	1i2tA00
1ij5A03	1ij5A03
1iyuA00	1iyuA00
1jeyB02	1jeyB02
1jr3C02	1jr3C02
1k8kD02	1k8kD02
1kooA01	1kooA01
1l3pA00	1l3pA00
1lq9A00	1lq9A00
1m6uA00	1m6uA00
1mzkA00	1mzkA00
1ngmJ00	1ngmJ00
1o4tA00	1o4tA00
1omiA01	1omiA01
1p9eA00	1p9eA00
1pn5A00	1pn5A00
1q5yB00	1q5yB00
1qu3A03	1qu3A03
1rc9A01	1rc9A01
1rzmA01	1rzmA01
1sg5A01	1sg5A01
1su3A02	1su3A02
1tafA00	1tafA00
1twfA04	1twfA04
1uajA02	1uajA02
1ux5A01	1ux5A01
1vdyA00	1vdyA00
1vs5T00	1vs5T00
1vx7600	1vx7600
1wabA00	1wabA00
1wkbA03	1wkbA03
1wwcA00	1wwcA00
1xbsA00	1xbsA00
1y0gA00	1y0gA00
1yhlA00	1yhlA00
1z4hA01	1z4hA01
1zp2A02	1zp2A02
2a6hC04	2a6hC04
2aw6A02	2aw6A02
2bi0A02	2bi0A02
2c63A00	2c63A00
2cocA01	2cocA01
2d4xA00	2d4xA00
2dk5A01	2dk5A01
2e1mA05	2e1mA05
2ec4A00	2ec4A00
2f09A00	2f09A00
2fji102	2fji102
2g30A01	2g30A01
2gutA00	2gutA00
2hd9A00	2hd9A00
2hs3A04	2hs3A04
2iecD00	2iecD00
2j3lA03	2j3lA03
2jn4A00	2jn4A00
2jvgA00	2jvgA00
2k5iA02	2k5iA02
2khiA00	2khiA00
2konA00	2konA00
2kwpA00	2kwpA00
2l66A00	2l66A00
2lhrA00	2lhrA00
2ls0101	2ls0101
2m4nA00	2m4nA00
2mhkA01	2mhkA01
2n2zA00	2n2zA00
2nu8B02	2nu8B02
2ol8O01	2ol8O01
2p84A01	2p84A01
2pz4A01	2pz4A01
2qrdE01	2qrdE01
2rczA01	2rczA01
2uvaG03	2uvaG03
2vbuA01	2vbuA01
2vugA03	2vugA03
2w5qA02	2w5qA02
2wscL00	2wscL00
2x64A02	2x64A02
2xq0A03	2xq0A03
2y2zA02	2y2zA02
2ynqA00	2ynqA00
2z5iC00	2z5iC00
2zuoA09	2zuoA09
3a9lA00	3a9lA00
3aq5A00	3aq5A00
3bd1A00	3bd1A00
3c8eB01	3c8eB01
3cslA01	3cslA01
3dgpA00	3dgpA00
3ee4A00	3ee4A00
3ezjA02	3ezjA02
3fgrA01	3fgrA01
3g8qB03	3g8qB03
3gyrA02	3gyrA02
3hinA02	3hinA02
3i6sA03	3i6sA03
3it8D01	3it8D01
3k1dA01	3k1dA01
3kiqy00	3kiqy00
3l7iA02	3l7iA02
3ly7A01	3ly7A01
3ml3A00	3ml3A00
3nisA01	3nisA01
3o4xE01	3o4xE01
3ovuA00	3ovuA00
2awnC03	2awnC03
2bidA00	2bidA00
2c6zA00	2c6zA00
2coiA02	2coiA02
2d5wA02	2d5wA02
2dksA00	2dksA00
2e1mC01	2e1mC01
2ed8A01	2ed8A01
2f15A00	2f15A00
2fjlA00	2fjlA00
2g36A02	2g36A02
2guzA00	2guzA00
2hdzA00	2hdzA00
2hsnA01	2hsnA01
2if7B02	2if7B02
2j48A00	2j48A00
2jn9A01	2jn9A01
2jvlA01	2jvlA01
2k5lA00	2k5lA00
2khmA01	2khmA01
2kp6A00	2kp6A00
2kx2A00	2kx2A00
2l6lA01	2l6lA01
2lioA00	2lioA00
2ls6A00	2ls6A00
2m4vA00	2m4vA00
2mhkA02	2mhkA02
2n3eA01	2n3eA01
2nu8B03	2nu8B03
2olsA04	2olsA04
2p9xA00	2p9xA00
2pzhA00	2pzhA00
2qsfA02	2qsfA02
2rdeA02	2rdeA02
2uvaG06	2uvaG06
2ve7A01	2ve7A01
2vunA02	2vunA02
2w82A01	2w82A01
2wscN00	2wscN00
2x7jA02	2x7jA02
2xrcB03	2xrcB03
2y39A00	2y39A00
2yo2A01	2yo2A01
2z84A00	2z84A00
2zutA04	2zutA04
3a9sA01	3a9sA01
3aqbA00	3aqbA00
3bdlA01	3bdlA01
3c8fA00	3c8fA00
3cswA01	3cswA01
3dgtA00	3dgtA00
3efgA00	3efgA00
3ezqA00	3ezqA00
3fhdA01	3fhdA01
3gcfA03	3gcfA03
3gyxA02	3gyxA02
3hjhA03	3hjhA03
3i6vA02	3i6vA02
3itlD00	3itlD00
3k1dA02	3k1dA02
3kjhA00	3kjhA00
3l8iA01	3l8iA01
3ly7A02	3ly7A02
3ml6A01	3ml6A01
3njtA02	3njtA02
3o4xE02	3o4xE02
3ovuB00	3ovuB00
3pjpA02	3pjpA02
3q9cA00	3q9cA00
3r4qA01	3r4qA01
3rwnB00	3rwnB00
3t5tA02	3t5tA02
3tlkB02	3tlkB02
3ugoA00	3ugoA00
3vk5B00	3vk5B00
3w0lB03	3w0lB03
3wlwA04	3wlwA04
3zihB00	3zihB00
3zzoA00	3zzoA00
4aeeA01	4aeeA01
4aq1A03	4aq1A03
4b96A00	4b96A00
4bszA02	4bszA02
4c91A04	4c91A04
4cxfA01	4cxfA01
4dnsB01	4dnsB01
4ejqA02	4ejqA02
4fd7A00	4fd7A00
4fxeA00	4fxeA00
4glaC00	4glaC00
4hkqA04	4hkqA04
4i6xA00	4i6xA00
4ij7A00	4ij7A00
4j8sA00	4j8sA00
4k3cA02	4k3cA02
4ktyB04	4ktyB04
4lr2A02	4lr2A02
4mo0A00	4mo0A00
4nnrA00	4nnrA00
4oj5A03	4oj5A03
4py5A01	4py5A01
4r33A00	4r33A00
4tyzA00	4tyzA00
4wesA03	4wesA03
4y8nM00	4y8nM00
4zs4B02	4zs4B02
5b5eE00	5b5eE00
5dl8A00	5dl8A00
5fifE01	5fifE01
5hh1A00	5hh1A00
5jmcD00	5jmcD00
5tkyA03	5tkyA03
1a91A00	1a91A00
1atgA02	1atgA02
1b63A02	1b63A02
1bjaA00	1bjaA00
1c1dA02	1c1dA02
1ceuA00	1ceuA00
1cz4A02	1cz4A02
1dk8A02	1dk8A02
1e20A00	1e20A00
1efpB00	1efpB00
1ev0A00	1ev0A00
1f8yA00	1f8yA00
1ft9A02	1ft9A02
1gaxA04	1gaxA04
1gqoB00	1gqoB00
1h3zA00	1h3zA00
1hn0A04	1hn0A04
1i51A00	1i51A00
1ileA03	1ileA03
1izcA00	1izcA00
1jf6A03	1jf6A03
1js2A00	1js2A00
1ka1A01	1ka1A01
1kplA00	1kplA00
1l3wA04	1l3wA04
1lqsL01	1lqsL01
1m9nA04	1m9nA04
1n08A00	1n08A00
1nhwA00	1nhwA00
1o70A02	1o70A02
1on2A02	1on2A02
1pbuA00	1pbuA00
1poiB00	1poiB00
1q60A00	1q60A00
1qwjB00	1qwjB00
1reqB01	1reqB01
1s03G02	1s03G02
1sgmA00	1sgmA00
1svpA01	1svpA01
1tdpA00	1tdpA00
1tx9A00	1tx9A00
1uc2B00	1uc2B00
1v1gA00	1v1gA00
1vf5B02	1vf5B02
1vs8X00	1vs8X00
1vx7H02	1vx7H02
1wcrA00	1wcrA00
1wktA00	1wktA00
1wwlB00	1wwlB00
1xf8A02	1xf8A02
1y14D02	1y14D02
1yhpA01	1yhpA01
1z5hA03	1z5hA03
1zpsA01	1zpsA01
2a6hD05	2a6hD05
2ayaA00	2ayaA00
2bj0A00	2bj0A00
2c7hA00	2c7hA00
2cp6A01	2cp6A01
2d73A02	2d73A02
2dl0A01	2dl0A01
2e1mC02	2e1mC02
2edmA00	2edmA00
2f1fA02	2f1fA02
2fjrB02	2fjrB02
2g47A01	2g47A01
2gw4A00	2gw4A00
2hekA01	2hekA01
2hsnA02	2hsnA02
2ifsA00	2ifsA00
2j4bB00	2j4bB00
2jneA00	2jneA00
2jvuA00	2jvuA00
2k5tA00	2k5tA00
2kinA00	2kinA00
2kp8A00	2kp8A00
2kx7A00	2kx7A00
2l6qA00	2l6qA00
2lisA00	2lisA00
2lsmA00	2lsmA00
2m5hA00	2m5hA00
2mhpA00	2mhpA00
2n3gA00	2n3gA00
2nx4C00	2nx4C00
2omdA00	2omdA00
2pa8D03	2pa8D03
2q00B00	2q00B00
2qtfA01	2qtfA01
2rf4E02	2rf4E02
2uvaG07	2uvaG07
2ve7C01	2ve7C01
2vvfA01	2vvfA01
2w82A03	2w82A03
2wskA03	2wskA03
2x8kA03	2x8kA03
2xryA01	2xryA01
2y5pA00	2y5pA00
2yo3A02	2yo3A02
2z8zA02	2z8zA02
2zuvA02	2zuvA02
3aa0B01	3aa0B01
3aqlA02	3aqlA02
3behA01	3behA01
3c8tA01	3c8tA01
3csxA00	3csxA00
3dh3B01	3dh3B01
3ei3B02	3ei3B02
3f1vA02	3f1vA02
3fhvA00	3fhvA00
3gdcA02	3gdcA02
3gz5A01	3gz5A01
3hkzG00	3hkzG00
3i83A01	3i83A01
3ivfA01	3ivfA01
3k1hA00	3k1hA00
3kljA03	3kljA03
3l9tA02	3l9tA02
3m03B00	3m03B00
3mn8B02	3mn8B02
3nk4A02	3nk4A02
3o5zB00	3o5zB00
3oy2A01	3oy2A01
3pm9A01	3pm9A01
3q9lA00	3q9lA00
3r4rA02	3r4rA02
3rysB00	3rysB00
3t5vA00	3t5vA00
3tlqA00	3tlqA00
3uh0A02	3uh0A02
3vk8A02	3vk8A02
3w4rA02	3w4rA02
3wmqA00	3wmqA00
3zj0A00	3zj0A00
4a0tA01	4a0tA01
4aeeA04	4aeeA04
4aqgA02	4aqgA02
4b9bA02	4b9bA02
4bszB00	4bszB00
4ca9A00	4ca9A00
4d1eA04	4d1eA04
4dnxA01	4dnxA01
4ejrA00	4ejrA00
4fe9A02	4fe9A02
4fy1100	4fy1100
4gn1A01	4gn1A01
4hl4A01	4hl4A01
4i7zA00	4i7zA00
4il6Z00	4il6Z00
4jb3A02	4jb3A02
4k6nA01	4k6nA01
4ku9A02	4ku9A02
4lrkA02	4lrkA02
4msxA01	4msxA01
4nphA02	4nphA02
4oj5C04	4oj5C04
4pypA00	4pypA00
4r36A02	4r36A02
4u19B02	4u19B02
4wf7A03	4wf7A03
4ydzA00	4ydzA00
4zvbB00	4zvbB00
5b7gA00	5b7gA00
5dleA00	5dleA00
5fkbA02	5fkbA02
5hmlA02	5hmlA02
5joqA01	5joqA01
5tkyA04	5tkyA04
1a92A00	1a92A00
1au7A01	1au7A01
1b69A00	1b69A00
1bkcE00	1bkcE00
1c30A08	1c30A08
1cf7A00	1cf7A00
1d09A02	1d09A02
1dkgB02	1dkgB02
1e2rA02	1e2rA02
1efyA01	1efyA01
1evlA01	1evlA01
1fb1A01	1fb1A01
1fuiA03	1fuiA03
1gaxA05	1gaxA05
1grjA01	1grjA01
1h4eA00	1h4eA00
1hnfA02	1hnfA02
1i58A00	1i58A00
1iloA00	1iloA00
1j0tA00	1j0tA00
1jfaB00	1jfaB00
1js3A01	1js3A01
1ka1A02	1ka1A02
1kptA00	1kptA00
1l5jA01	1l5jA01
1lqvB00	1lqvB00
1m9sA02	1m9sA02
1n0eA00	1n0eA00
1nhwC00	1nhwC00
1o75A02	1o75A02
1onkB01	1onkB01
1pbyA03	1pbyA03
1poxA01	1poxA01
1q6aA00	1q6aA00
1qwvA00	1qwvA00
1rf8B01	1rf8B01
1s03H01	1s03H01
1sgoA01	1sgoA01
1svuA02	1svuA02
1tdqA01	1tdqA01
1txlA00	1txlA00
1ucrB00	1ucrB00
1v1hF01	1v1hF01
1vf6A00	1vf6A00
1vs9F02	1vs9F02
1vx7P01	1vx7P01
1wcuA00	1wcuA00
1wkvA01	1wkvA01
1wwuA01	1wwuA01
1xffA00	1xffA00
1y1aA01	1y1aA01
1yi9A01	1yi9A01
1z68A02	1z68A02
1zpuA02	1zpuA02
2a6hF02	2a6hF02
2aydA01	2aydA01
2bl0A00	2bl0A00
2c81A01	2c81A01
2cpbA00	2cpbA00
2d73A03	2d73A03
2dlaA02	2dlaA02
2e1tA01	2e1tA01
2eecA01	2eecA01
2f1zB01	2f1zB01
2fkiA00	2fkiA00
2g5gX02	2g5gX02
2gw6A01	2gw6A01
2hekA02	2hekA02
2htfA00	2htfA00
2ii2A02	2ii2A02
2j5uA03	2j5uA03
2jnsA01	2jnsA01
2jwpA00	2jwpA00
2k60A01	2k60A01
2kinB01	2kinB01
2kpjA01	2kpjA01
2kxsA00	2kxsA00
2l7eA00	2l7eA00
2ljhA01	2ljhA01
2lt4A00	2lt4A00
2m5sA00	2m5sA00
2mhyA00	2mhyA00
2n3oA00	2n3oA00
2nxvA01	2nxvA01
2onkC00	2onkC00
2pakA00	2pakA00
2q0xA01	2q0xA01
2qtsA04	2qtsA04
2rg4A01	2rg4A01
2uvaG09	2uvaG09
2vebA00	2vebA00
2vwsA00	2vwsA00
2w9mA04	2w9mA04
2wtgA00	2wtgA00
2x8nA01	2x8nA01
2xsgB02	2xsgB02
2y6xA00	2y6xA00
2yocA05	2yocA05
2z90A01	2z90A01
2zuxA01	2zuxA01
3aafA00	3aafA00
3aqpA03	3aqpA03
3besR02	3besR02
3c8yA01	3c8yA01
3cuqB02	3cuqB02
3djnB00	3djnB00
3eipA00	3eipA00
3f2bA08	3f2bA08
3fhxA00	3fhxA00
3gdhA00	3gdhA00
3gzaA02	3gzaA02
3hl8A03	3hl8A03
3i96A00	3i96A00
3iwcB00	3iwcB00
3k1rA01	3k1rA01
3klqA01	3klqA01
3l9zA01	3l9zA01
3m0eA01	3m0eA01
3mopK00	3mopK00
3nmzD00	3nmzD00
3oa1B00	3oa1B00
3oy2A02	3oy2A02
3pm9A04	3pm9A04
3qauA02	3qauA02
3r5dA01	3r5dA01
3s0yA01	3s0yA01
3t5xA01	3t5xA01
3tm8B00	3tm8B00
3uitA02	3uitA02
3vkgA03	3vkgA03
3w5mA01	3w5mA01
3wmsA04	3wmsA04
3zl8A01	3zl8A01
4a0tA03	4a0tA03
4aefA01	4aefA01
4aqnA02	4aqnA02
4b9gA00	4b9gA00
4bvqA03	4bvqA03
4ccdA02	4ccdA02
4d1qA01	4d1qA01
4dohB02	4dohB02
4ejyA01	4ejyA01
4fe9A03	4fe9A03
4fyqA01	4fyqA01
4gnsA03	4gnsA03
4hl4A02	4hl4A02
4i83A00	4i83A00
4iltC00	4iltC00
4jbjA01	4jbjA01
4k6nA02	4k6nA02
4kujA01	4kujA01
4lryA01	4lryA01
4mt1A08	4mt1A08
4npsA02	4npsA02
4ok4A02	4ok4A02
4pytA01	4pytA01
4r5qA00	4r5qA00
4u1cA01	4u1cA01
4wfoA04	4wfoA04
4yfkE00	4yfkE00
4zwnB00	4zwnB00
5bmoC00	5bmoC00
5dmhB02	5dmhB02
5fl3A02	5fl3A02
5hnmC00	5hnmC00
5jp1A00	5jp1A00
5ts9B00	5ts9B00
1a94A00	1a94A00
1augA00	1augA00
1b6fA00	1b6fA00
1bl0A01	1bl0A01
1c3fA00	1c3fA00
1cf7B00	1cf7B00
1d0bA00	1d0bA00
1dkiA02	1dkiA02
1e2wA02	1e2wA02
1efyA02	1efyA02
1ex0A03	1ex0A03
1fcdA03	1fcdA03
1furA03	1furA03
1gccA00	1gccA00
1gsaA03	1gsaA03
1h4gA00	1h4gA00
1ho8A02	1ho8A02
1i5gA00	1i5gA00
1im3D00	1im3D00
1j1tA00	1j1tA00
1jfiB00	1jfiB00
1jssA00	1jssA00
1ka2A00	1ka2A00
1kqfC00	1kqfC00
1l5jA04	1l5jA04
1lrvA00	1lrvA00
1m9sA05	1m9sA05
1n0uA03	1n0uA03
1nijA01	1nijA01
1o75A03	1o75A03
1oo0A00	1oo0A00
1pbyA04	1pbyA04
1pp0B00	1pp0B00
1q7fB00	1q7fB00
1qwyA01	1qwyA01
1rh7A02	1rh7A02
1s0pA01	1s0pA01
1sgvA02	1sgvA02
1sxdA00	1sxdA00
1te4A01	1te4A01
1tyeA00	1tyeA00
1udlA00	1udlA00
1v1pB02	1v1pB02
1vf7A03	1vf7A03
1vs9O01	1vs9O01
1vx7U02	1vx7U02
1wd3A01	1wd3A01
1wleA01	1wleA01
1wx0A00	1wx0A00
1xfiA02	1xfiA02
1y1uA01	1y1uA01
1yj8A02	1yj8A02
1z6nA00	1z6nA00
1zpwX00	1zpwX00
2f5tX01	2f5tX01
2fnuB02	2fnuB02
2gfpA00	2gfpA00
2gz4A00	2gz4A00
2hf5A00	2hf5A00
2hy5B00	2hy5B00
2incC00	2incC00
2ja4A00	2ja4A00
2jokA01	2jokA01
2jz7A00	2jz7A00
2k8qA00	2k8qA00
2kjrA01	2kjrA01
2kr6A01	2kr6A01
2kznA00	2kznA00
2l9jA00	2l9jA00
2ll3A00	2ll3A00
2lu1A00	2lu1A00
2m74A01	2m74A01
2mkjA02	2mkjA02
2nclA00	2nclA00
2o4cA03	2o4cA03
2osxA02	2osxA02
2pfmA03	2pfmA03
2q9oA03	2q9oA03
2qvoA00	2qvoA00
2rklA00	2rklA00
2uxuB00	2uxuB00
2vjnA02	2vjnA02
2vycA03	2vycA03
2wbkB05	2wbkB05
2wweA01	2wweA01
2xdfA02	2xdfA02
2xu8A00	2xu8A00
2ya0A03	2ya0A03
2yrbA01	2yrbA01
2ze6A01	2ze6A01
2zxdA02	2zxdA02
3abqD01	3abqD01
3axsA02	3axsA02
3bk7A01	3bk7A01
3cb4A03	3cb4A03
3cx5B01	3cx5B01
3do7A02	3do7A02
3enuA00	3enuA00
3f6kA03	3f6kA03
3fk5A02	3fk5A02
3girA02	3girA02
3h20A01	3h20A01
3hrzB01	3hrzB01
3idwA00	3idwA00
3j7aN00	3j7aN00
3k59A02	3k59A02
3kphA02	3kphA02
3lcuA01	3lcuA01
3m65A01	3m65A01
3mwnA00	3mwnA00
3nsjA02	3nsjA02
3ofkA00	3ofkA00
3p4gD00	3p4gD00
3pqhA01	3pqhA01
3qfhA01	3qfhA01
3rchA03	3rchA03
3sftA00	3sftA00
3t9oB00	3t9oB00
3tpqM02	3tpqM02
3ut4A00	3ut4A00
3vnxA00	3vnxA00
3w9iA04	3w9iA04
3wqbA02	3wqbA02
3zppA00	3zppA00
4a18H00	4a18H00
4aidA02	4aidA02
4as4A01	4as4A01
4be3A00	4be3A00
4bx8A04	4bx8A04
4ce7B00	4ce7B00
4d7yA00	4d7yA00
4dxbA03	4dxbA03
4es8B01	4es8B01
4fixA01	4fixA01
4g1eA02	4g1eA02
4gvbA00	4gvbA00
4hrzB00	4hrzB00
4ic7E00	4ic7E00
4ioyX02	4ioyX02
4jgiA01	4jgiA01
4k90A02	4k90A02
4l0rB00	4l0rB00
4lxqB00	4lxqB00
4n3gA02	4n3gA02
4nutA00	4nutA00
4oxrA01	4oxrA01
4q9dB01	4q9dB01
4rajA00	4rajA00
4u7nA01	4u7nA01
4wjg203	4wjg203
4yozA01	4yozA01
5a2qW01	5a2qW01
5bxrA02	5bxrA02
5dzgB00	5dzgB00
2a6xA00	2a6xA00
2aytA01	2aytA01
2bnkA00	2bnkA00
2c91B00	2c91B00
2cqpA00	2cqpA00
2d7dA04	2d7dA04
2dleA01	2dleA01
2e26A01	2e26A01
2eefA01	2eefA01
2f2cA02	2f2cA02
2fm7A00	2fm7A00
2g7hA01	2g7hA01
2gxaE01	2gxaE01
2heoA00	2heoA00
2hthB00	2hthB00
2ijd101	2ijd101
2j7aA02	2j7aA02
2jo7A00	2jo7A00
2jx0A00	2jx0A00
2k6lA00	2k6lA00
2kivA02	2kivA02
2kptA00	2kptA00
2kybA00	2kybA00
2l7kA00	2l7kA00
2ljuA01	2ljuA01
2lt5A00	2lt5A00
2m5vA00	2m5vA00
2mi6A00	2mi6A00
2n50A00	2n50A00
2nyvA02	2nyvA02
2oo4A01	2oo4A01
2pbiA02	2pbiA02
2q2tA03	2q2tA03
2qubA01	2qubA01
2rh0A01	2rh0A01
2uvfA01	2uvfA01
2vfrA03	2vfrA03
2vxdA00	2vxdA00
2w9mB01	2w9mB01
2wu5D00	2wu5D00
2x8rB00	2x8rB00
2xsxB01	2xsxB01
2y7eB00	2y7eB00
2yorA00	2yorA00
2z99A01	2z99A01
2zvsA00	2zvsA00
3aalA00	3aalA00
3ar4A04	3ar4A04
3bh1A03	3bh1A03
3c8yA02	3c8yA02
3cuqC01	3cuqC01
3dkxA01	3dkxA01
3ej3C00	3ej3C00
3f3fD01	3f3fD01
3fi9A02	3fi9A02
3ggmA00	3ggmA00
3gzgA02	3gzgA02
3ho7A02	3ho7A02
3i9hE00	3i9hE00
3iylW04	3iylW04
3k1rB00	3k1rB00
3kltB00	3kltB00
3laqU01	3laqU01
3m0fB02	3m0fB02
3mplA02	3mplA02
3nnkA02	3nnkA02
3oa8B00	3oa8B00
3oymA01	3oymA01
3pmgA02	3pmgA02
3qavA02	3qavA02
3r5eA00	3r5eA00
3s6pA03	3s6pA03
3t5xA02	3t5xA02
3tndF00	3tndF00
3unbG00	3unbG00
3vkhB07	3vkhB07
3w5mA05	3w5mA05
3wn5B02	3wn5B02
3zmkB02	3zmkB02
4a12B01	4a12B01
4aefA02	4aefA02
4aqrD00	4aqrD00
4ba0A04	4ba0A04
4bvxA02	4bvxA02
4ccdA03	4ccdA03
4d3sA01	4d3sA01
4dq5B00	4dq5B00
4elnA00	4elnA00
4feiA00	4feiA00
4fytA03	4fytA03
4gnxC02	4gnxC02
4hl6A02	4hl6A02
4i92A01	4i92A01
4ilyA02	4ilyA02
4jc0A02	4jc0A02
4k71B01	4k71B01
4kv2A00	4kv2A00
4lrzE01	4lrzE01
4mtkA02	4mtkA02
4nqwB00	4nqwB00
4omfG01	4omfG01
4pytA02	4pytA02
4r60A01	4r60A01
4u33A03	4u33A03
4wfqA00	4wfqA00
4yfvA01	4yfvA01
4zy7A00	4zy7A00
5bokA00	5bokA00
5dmsA02	5dmsA02
5flxZ00	5flxZ00
5hpzA00	5hpzA00
5jtwA03	5jtwA03
4labA00	4labA00
1a9nC00	1a9nC00
1auqA00	1auqA00
1b97A00	1b97A00
1bl0A02	1bl0A02
1c3gA01	1c3gA01
1cfbA02	1cfbA02
1d0dA00	1d0dA00
1dkyB02	1dkyB02
1e3gA00	1e3gA00
1eg3A04	1eg3A04
1ex7A01	1ex7A01
1ff9A03	1ff9A03
1fwxA01	1fwxA01
1gcyA02	1gcyA02
1gt6A00	1gt6A00
1h4yA00	1h4yA00
1hp1A01	1hp1A01
1i5pA02	1i5pA02
1imjA00	1imjA00
1j27A00	1j27A00
1jfkA02	1jfkA02
1jsuC00	1jsuC00
1kafD00	1kafD00
1krrA00	1krrA00
1l5oA02	1l5oA02
1lshA02	1lshA02
1mabB01	1mabB01
1n0uA04	1n0uA04
1nijA02	1nijA02
1o7dC01	1o7dC01
1op1A00	1op1A00
1pc0A00	1pc0A00
1pp9J00	1pp9J00
1q7lA00	1q7lA00
1qwzA00	1qwzA00
1rifA01	1rifA01
1s14B00	1s14B00
1shsA00	1shsA00
1sxjA02	1sxjA02
1te5A00	1te5A00
1tygB00	1tygB00
1udxA01	1udxA01
1v4lA00	1v4lA00
1vfiA00	1vfiA00
1vsaE00	1vsaE00
1vynA00	1vynA00
1wd3A02	1wd3A02
1wlfA02	1wlfA02
1wxmA01	1wxmA01
1xflA00	1xflA00
1y1uA04	1y1uA04
1yn3A00	1yn3A00
1z6tA03	1z6tA03
1zr9A00	1zr9A00
2a7kB01	2a7kB01
2az4A02	2az4A02
2bnxB01	2bnxB01
2c9nY00	2c9nY00
2criA01	2criA01
2d7iA02	2d7iA02
2dmkA01	2dmkA01
2e2dC02	2e2dC02
2efeA01	2efeA01
2f2fA00	2f2fA00
2fmcA00	2fmcA00
2ga1A02	2ga1A02
2gy5A01	2gy5A01
2heqA01	2heqA01
2htjA01	2htjA01
2ikeA00	2ikeA00
2j8gA03	2j8gA03
2jobA00	2jobA00
2jxnA01	2jxnA01
2k6pA00	2k6pA00
2kiwA01	2kiwA01
2kpyA01	2kpyA01
2kyyA00	2kyyA00
2l81A00	2l81A00
2lklA01	2lklA01
2ltbA00	2ltbA00
2m63A00	2m63A00
2mj6A00	2mj6A00
2n71A00	2n71A00
2o0jA02	2o0jA02
2opcA00	2opcA00
2pbiA03	2pbiA03
2q6dC02	2q6dC02
2qubA03	2qubA03
2rhqB03	2rhqB03
2uvpA00	2uvpA00
2vgqA03	2vgqA03
1neeA01	1neeA01
1nyaA00	1nyaA00
1okcA00	1okcA00
1p1eA00	1p1eA00
1pjzA00	1pjzA00
1q25A02	1q25A02
1qqgA01	1qqgA01
1r88A00	1r88A00
1ruyH02	1ruyH02
1sefA02	1sefA02
1ss6A01	1ss6A01
1t4lB00	1t4lB00
1tueD00	1tueD00
1u84A00	1u84A00
1uunA02	1uunA02
1vb3A01	1vb3A01
1vqaA00	1vqaA00
1vwxQ00	1vwxQ00
1w96C01	1w96C01
1wifA01	1wifA01
1wsrA04	1wsrA04
1x74A04	1x74A04
1xwmA00	1xwmA00
1yf2A03	1yf2A03
1z1bA01	1z1bA01
1zkkB00	1zkkB00
2a1tR01	2a1tR01
2au3A04	2au3A04
2bb5A01	2bb5A01
2c2nA02	2c2nA02
2clsA00	2clsA00
2d3aA02	2d3aA02
2dgmC03	2dgmC03
2dzmA01	2dzmA01
2e9xB01	2e9xB01
2exrA02	2exrA02
2fhzB00	2fhzB00
2fzfA01	2fzfA01
2gruA02	2gruA02
2h9aA02	2h9aA02
2hoxA01	2hoxA01
2i74A00	2i74A00
2iz1B01	2iz1B01
2jliA00	2jliA00
2jswA00	2jswA00
2k4rA00	2k4rA00
2kdwA00	2kdwA00
2kmuA00	2kmuA00
2kvrA00	2kvrA00
2l3fA00	2l3fA00
2lfeA00	2lfeA00
2lqoA00	2lqoA00
2m3kA00	2m3kA00
2mev400	2mev400
2mxdA00	2mxdA00
2nsfA02	2nsfA02
2ohwA00	2ohwA00
2p4zA00	2p4zA00
2ptrA01	2ptrA01
2qk4A04	2qk4A04
2ra8A01	2ra8A01
2sqcA02	2sqcA02
2v7gA02	2v7gA02
2vsyA01	2vsyA01
2w3pA02	2w3pA02
2wp0D00	2wp0D00
2x3mA00	2x3mA00
2xmqA00	2xmqA00
2xzmV01	2xzmV01
2ykyA02	2ykyA02
2z1kA02	2z1kA02
2ztnA01	2ztnA01
3a4uA00	3a4uA00
3amlA02	3amlA02
3b8hB00	3b8hB00
3c3wB02	3c3wB02
3cp8A04	3cp8A04
3da5A00	3da5A00
3eb7A03	3eb7A03
3evnA02	3evnA02
3ffmA00	3ffmA00
3g5cA02	3g5cA02
3gvdA02	3gvdA02
3hh0A01	3hh0A01
3i32A02	3i32A02
3ipfA01	3ipfA01
3ju2A00	3ju2A00
3keyA01	3keyA01
3l39A01	3l39A01
3lrmA01	3lrmA01
3mk7A00	3mk7A00
3nb0A03	3nb0A03
3o2uA01	3o2uA01
3oreA01	3oreA01
3pgbA03	3pgbA03
3q3eA03	3q3eA03
3woyA00	3woyA00
3zpjA00	3zpjA00
4a17T00	4a17T00
4agrB00	4agrB00
4arfA03	4arfA03
4bdxA00	4bdxA00
4bwzA00	4bwzA00
4cd8A00	4cd8A00
4d7xA00	4d7xA00
4dwaB00	4dwaB00
4ersA00	4ersA00
4fi3F02	4fi3F02
4g0mA00	4g0mA00
4guaA01	4guaA01
4hr3A01	4hr3A01
4i9cA02	4i9cA02
4iopA00	4iopA00
4jehA04	4jehA04
4k90A01	4k90A01
4l08A00	4l08A00
4lvnP00	4lvnP00
4n2cA02	4n2cA02
4nurA02	4nurA02
4owzA00	4owzA00
4q5wA02	4q5wA02
4r9pA00	4r9pA00
4u77A00	4u77A00
4wj4A03	4wj4A03
4ylqT01	4ylqT01
5a2fA02	5a2fA02
5brcC00	5brcC00
5dwzC01	5dwzC01
5fswA02	5fswA02
5i41B00	5i41B00
5k2mA01	5k2mA01
2kieA00	2kieA00
16pkA02	16pkA02
1aabA00	1aabA00
1awcA00	1awcA00
1ba5A00	1ba5A00
1bplA01	1bplA01
1c5eA00	1c5eA00
1chzA00	1chzA00
1d2fA02	1d2fA02
1dmuA00	1dmuA00
1e5wA04	1e5wA04
1ei5A02	1ei5A02
1eysL02	1eysL02
1ffvC03	1ffvC03
1fzrA00	1fzrA00
1ggpA02	1ggpA02
1gu2A00	1gu2A00
1h6wA03	1h6wA03
1hq6B00	1hq6B00
1i82A00	1i82A00
1inlC02	1inlC02
1j47A00	1j47A00
1jhjA00	1jhjA00
1juvA00	1juvA00
1kdqB00	1kdqB00
1ksiA01	1ksiA01
1lamA01	1lamA01
1lujB01	1lujB01
1mhyG01	1mhyG01
1n4qB00	1n4qB00
1nktA02	1nktA02
1o82A00	1o82A00
1oqlA02	1oqlA02
1pe4A00	1pe4A00
1pujA02	1pujA02
1qhdA01	1qhdA01
1r0vA01	1r0vA01
1rjlC00	1rjlC00
1s3iA02	1s3iA02
1sjrA00	1sjrA00
1sxjE02	1sxjE02
1tg0A00	1tg0A00
1u0jA01	1u0jA01
1ugoA00	1ugoA00
1v5mA00	1v5mA00
1vkiA00	1vkiA00
1vw4400	1vw4400
1w07A01	1w07A01
1wftA01	1wftA01
1wmhA00	1wmhA00
1wxwA01	1wxwA01
1ximA00	1ximA00
1y64B03	1y64B03
1yqeA02	1yqeA02
1z9hA03	1z9hA03
1zu1A01	1zu1A01
2ac1A02	2ac1A02
2b0hA01	2b0hA01
2bteA05	2bteA05
2cfoA03	2cfoA03
2cssA00	2cssA00
2db0B00	2db0B00
2dnoA00	2dnoA00
2e4uA03	2e4uA03
2ehgA00	2ehgA00
2c3gA00	2c3gA00
2cm0A00	2cm0A00
2d3dA00	2d3dA00
2dgxA01	2dgxA01
2dznF00	2dznF00
2e9xD02	2e9xD02
2eyqA05	2eyqA05
2fi0A00	2fi0A00
2g0uA01	2g0uA01
2gscE00	2gscE00
2hb0A01	2hb0A01
2hoxA03	2hoxA03
2i87A03	2i87A03
2izwC00	2izwC00
2jlqA02	2jlqA02
2jt1A00	2jt1A00
2k4tA00	2k4tA00
2kfdA00	2kfdA00
2kmxA00	2kmxA00
2kvsA00	2kvsA00
2l3lA01	2l3lA01
2lfiA00	2lfiA00
2lqvA00	2lqvA00
2m3xB02	2m3xB02
2mgwA00	2mgwA00
2mz0A00	2mz0A00
2nteA02	2nteA02
2oi2A02	2oi2A02
2p62A02	2p62A02
2pv0A02	2pv0A02
2qklB00	2qklB00
2ra9A01	2ra9A01
2taaA02	2taaA02
2v7kA01	2v7kA01
2vsyA03	2vsyA03
2w3sA04	2w3sA04
2wpvE00	2wpvE00
2x45A00	2x45A00
2xn1A01	2xn1A01
2y1bA00	2y1bA00
2ymaA00	2ymaA00
2z39A02	2z39A02
2z39A02	2cjlA02
2ztnA02	2ztnA02
3a57A00	3a57A00
3amrA00	3amrA00
3b8xA02	3b8xA02
3c4sA00	3c4sA00
3cpeA03	3cpeA03
3danA00	3danA00
3ec1A01	3ec1A01
3evyA00	3evyA00
3ffvA00	3ffvA00
3g5oA02	3g5oA02
3gw6A02	3gw6A02
3hhsA01	3hhsA01
3i3lA02	3i3lA02
3iraA00	3iraA00
3juuA00	3juuA00
3kf3A02	3kf3A02
3l41A01	3l41A01
3ls9A02	3ls9A02
3mk7B02	3mk7B02
3nb2A04	3nb2A04
3o3mB02	3o3mB02
3orvA02	3orvA02
3ph0C00	3ph0C00
3q3qA02	3q3qA02
3qyeB01	3qyeB01
3ronA00	3ronA00
3t0fA03	3t0fA03
3tj8A02	3tj8A02
3ub8A00	3ub8A00
3veaA01	3veaA01
3vvaA00	3vvaA00
3winE03	3winE03
3zdmB00	3zdmB00
3zxuB01	3zxuB01
4a64C03	4a64C03
4aolB03	4aolB03
4b4cA02	4b4cA02
4bosA00	4bosA00
4c2mB04	4c2mB04
4cu5A00	4cu5A00
4djdD01	4djdD01
4edgA03	4edgA03
4faoC00	4faoC00
4fquA02	4fquA02
4gi3C00	4gi3C00
4hehA01	4hehA01
4i4tF01	4i4tF01
4ihqB05	4ihqB05
4j27A02	4j27A02
4jzjC01	4jzjC01
4kp2A01	4kp2A01
4llgM00	4llgM00
4mj7A00	4mj7A00
4nkbA01	4nkbA01
4od9A00	4od9A00
4pqdA00	4pqdA00
4qpwA00	4qpwA00
4tvoA01	4tvoA01
4v2bA00	4v2bA00
4xo9A02	4xo9A02
4zkyA00	4zkyA00
5b0hA00	5b0hA00
5cx7E00	5cx7E00
5f33A03	5f33A03
5h1sV01	5h1sV01
5jabA00	5jabA00
5m0pA00	5m0pA00
1a6tB01	1a6tB01
1aocA00	1aocA00
1b4rA00	1b4rA00
1bhuA00	1bhuA00
1byfA00	1byfA00
1ccwB01	1ccwB01
1cukA01	1cukA01
1dh3A00	1dh3A00
1dx9A00	1dx9A00
1ecsA00	1ecsA00
1etb200	1etb200
1f53A00	1f53A00
1fp3A00	1fp3A00
1g8fA03	1g8fA03
1gotG00	1gotG00
1h09A01	1h09A01
1hk5A03	1hk5A03
1i19A01	1i19A01
1ihvA00	1ihvA00
1iwpB00	1iwpB00
1je3A01	1je3A01
1jqkA03	1jqkA03
1k8bA00	1k8bA00
1knxA01	1knxA01
1l0wA01	1l0wA01
1lo7A00	1lo7A00
1m5sA02	1m5sA02
1mu5A02	1mu5A02
1neqA00	1neqA00
1nynA00	1nynA00
1okrA02	1okrA02
1p49A02	1p49A02
1pkpA02	1pkpA02
1q2zA00	1q2zA00
1qrjA01	1qrjA01
1r8iA00	1r8iA00
1rwrA00	1rwrA00
1sfeA01	1sfeA01
1st6A03	1st6A03
1t50A00	1t50A00
1tvfA02	1tvfA02
1u8vA02	1u8vA02
1uurA03	1uurA03
1vccA00	1vccA00
1vs5B02	1vs5B02
1vwxT01	1vwxT01
1w9cA00	1w9cA00
1wj7A01	1wj7A01
1wthA01	1wthA01
1x9uA00	1x9uA00
1xx1A00	1xx1A00
1yfnA00	1yfnA00
1z2zA02	1z2zA02
1zl8B00	1zl8B00
2a2pA01	2a2pA01
2aujD04	2aujD04
2bgoA00	2bgoA00
2c42A02	2c42A02
2cmpA00	2cmpA00
2d3yA00	2d3yA00
2dhkA01	2dhkA01
2e0iD03	2e0iD03
2eapA01	2eapA01
2eyqA06	2eyqA06
2fi1A02	2fi1A02
2g16B00	2g16B00
2gt1A01	2gt1A01
2hbaA00	2hbaA00
2hqsA01	2hqsA01
2ib0A01	2ib0A01
2j0jA02	2j0jA02
2jmcA00	2jmcA00
2jtvA00	2jtvA00
2k4vA00	2k4vA00
2kfuA01	2kfuA01
2knaA01	2knaA01
2kvtA00	2kvtA00
2l3yA00	2l3yA00
2lfvA00	2lfvA00
2lr4A00	2lr4A00
2m45A00	2m45A00
2mgyA01	2mgyA01
2mzbA00	2mzbA00
2ntkB00	2ntkB00
2okmA00	2okmA00
2p65A00	2p65A00
2pvdB00	2pvdB00
2qkmB02	2qkmB02
2rb9A01	2rb9A01
2uv8A06	2uv8A06
2v8sV00	2v8sV00
2vtfA01	2vtfA01
2w43A02	2w43A02
2wqpA02	2wqpA02
2x49A03	2x49A03
2xn1A02	2xn1A02
2y1jA02	2y1jA02
2ymmA02	2ymmA02
2z4tA01	2z4tA01
2zubB01	2zubB01
3a5zD02	3a5zD02
3an1B07	3an1B07
3b9oA00	3b9oA00
3c5wA00	3c5wA00
3cqxC00	3cqxC00
3dbhB02	3dbhB02
3ecqA01	3ecqA01
3eyaA02	3eyaA02
3ffzA04	3ffzA04
3g7dA03	3g7dA03
3gw6F01	3gw6F01
3hhwK02	3hhwK02
3i4hX01	3i4hX01
3irbA02	3irbA02
3jvvA01	3jvvA01
3kflA03	3kflA03
3l4gC03	3l4gC03
3lszA01	3lszA01
3mk7C01	3mk7C01
3nbxX02	3nbxX02
3o3mD03	3o3mD03
3ossC00	3ossC00
3ph9A00	3ph9A00
3q4uB01	3q4uB01
3r0hG01	3r0hG01
3rrcA02	3rrcA02
3t38A01	3t38A01
3tjkA00	3tjkA00
3ubrA02	3ubrA02
3veaA02	3veaA02
3vw4A01	3vw4A01
3wirA01	3wirA01
3zfnA02	3zfnA02
3zy2A02	3zy2A02
4a7kA02	4a7kA02
4ap2B02	4ap2B02
4b56A02	4b56A02
4bouA00	4bouA00
4c5wA02	4c5wA02
4cu7A02	4cu7A02
4dkcB00	4dkcB00
4edmA00	4edmA00
4fbrA02	4fbrA02
4fr2A01	4fr2A01
4gioA00	4gioA00
4hgzA02	4hgzA02
4i5sA01	4i5sA01
4ii1A02	4ii1A02
4j2nC00	4j2nC00
4jzsA00	4jzsA00
4kp2A02	4kp2A02
4lloC00	4lloC00
4ml1A02	4ml1A02
4nl4H01	4nl4H01
4oelA02	4oelA02
4pswA03	4pswA03
4qqbX01	4qqbX01
4tvoB02	4tvoB02
4w6qA02	4w6qA02
4xpmB00	4xpmB00
4zn3A02	4zn3A02
5b1aH00	5b1aH00
5d1rB00	5d1rB00
5f47B00	5f47B00
5h1sY00	5h1sY00
5jciA03	5jciA03
5sicI00	5sicI00
1a75A00	1a75A00
1aorA01	1aorA01
1b4uB00	1b4uB00
1bifA01	1bifA01
1bymA00	1bymA00
1ccwB02	1ccwB02
1cv8A00	1cv8A00
1divA02	1divA02
1dy2A00	1dy2A00
1edgA00	1edgA00
1eteA00	1eteA00
1f59A00	1f59A00
1fpzC00	1fpzC00
1g8kA04	1g8kA04
1gpjA01	1gpjA01
1h0hA04	1h0hA04
1hkvA02	1hkvA02
1i1aC01	1i1aC01
1iicA01	1iicA01
1iwpG02	1iwpG02
1je9A00	1je9A00
1jqoA03	1jqoA03
1k8iA01	1k8iA01
1knyA01	1knyA01
1l1cA00	1l1cA00
1loxA03	1loxA03
1m5xA00	1m5xA00
1musA01	1musA01
1nf3C00	1nf3C00
1nztA01	1nztA01
1oltA02	1oltA02
1p4xA02	1p4xA02
1pm1X00	1pm1X00
1q3eA01	1q3eA01
1qsaA01	1qsaA01
1r8oA01	1r8oA01
1rxlA00	1rxlA00
1sfkA00	1sfkA00
1stfI00	1stfI00
1t70A00	1t70A00
1tvgA00	1tvgA00
1uaaA02	1uaaA02
1uv4A00	1uv4A00
1vclA03	1vclA03
1vs5C01	1vs5C01
1vwxU00	1vwxU00
1w9rA00	1w9rA00
1wjjA01	1wjjA01
1wthA03	1wthA03
1xaiA01	1xaiA01
1xx9D00	1xx9D00
1ygaA00	1ygaA00
1z3eA00	1z3eA00
1zlpA00	1zlpA00
2a3vB01	2a3vB01
2autA00	2autA00
2bh1X00	2bh1X00
2c42A05	2c42A05
2cndA01	2cndA01
2d46A00	2d46A00
2dirA01	2dirA01
2e0nB02	2e0nB02
2ebbA00	2ebbA00
2eyqA07	2eyqA07
2fi7A00	2fi7A00
2g18I00	2g18I00
2gt1A02	2gt1A02
2hbpA00	2hbpA00
2hqyA02	2hqyA02
2ib1A00	2ib1A00
2j0wA02	2j0wA02
2jmpA01	2jmpA01
2jugA01	2jugA01
2k54A00	2k54A00
2kg2A00	2kg2A00
2knqA01	2knqA01
2kw3C00	2kw3C00
2l4eA00	2l4eA00
2lg7A00	2lg7A00
2lrdA00	2lrdA00
2m4gA00	2m4gA00
2mh3A00	2mh3A00
2mzjA00	2mzjA00
2nttA02	2nttA02
2oktA02	2oktA02
2p67A03	2p67A03
2pwyA01	2pwyA01
2qlcA00	2qlcA00
2rb9A02	2rb9A02
2uv8G01	2uv8G01
2v9kA01	2v9kA01
2vtfA02	2vtfA02
2w48B01	2w48B01
2wqtA00	2wqtA00
2x4dA02	2x4dA02
2xn7A02	2xn7A02
2y24A02	2y24A02
2yngB03	2yngB03
2z4tA02	2z4tA02
2zuoA01	2zuoA01
3a6hB00	3a6hB00
3aoeC03	3aoeC03
3bacA01	3bacA01
3c5xC00	3c5xC00
3crvA02	3crvA02
3dc0A02	3dc0A02
3ed3B02	3ed3B02
3eyeA00	3eyeA00
3fg6A01	3fg6A01
3g7lA00	3g7lA00
3gwlA00	3gwlA00
3hhyA01	3hhyA01
3i5pA03	3i5pA03
3ispA01	3ispA01
3jysA03	3jysA03
3khbB00	3khbB00
3l5kA02	3l5kA02
3ltlB01	3ltlB01
3mk7C03	3mk7C03
3ncxA02	3ncxA02
3o48A01	3o48A01
3ostA00	3ostA00
3pijA02	3pijA02
3q6kA00	3q6kA00
3r0zA02	3r0zA02
3rrkA03	3rrkA03
3t3kA00	3t3kA00
3tjlA00	3tjlA00
3ucqA01	3ucqA01
3vgjA02	3vgjA02
3vynB01	3vynB01
3wisA00	3wisA00
3zgzD04	3zgzD04
3zypA00	3zypA00
4a97A01	4a97A01
4ap5A01	4ap5A01
4b7hA01	4b7hA01
4bp9A02	4bp9A02
4c6sA00	4c6sA00
4cu9A00	4cu9A00
4dkwA00	4dkwA00
4eexA02	4eexA02
4fcyA01	4fcyA01
4ftfA00	4ftfA00
4gipD02	4gipD02
4hh3C02	4hh3C02
4i69A00	4i69A00
4ii2A01	4ii2A01
4j3bA01	4j3bA01
4k12A00	4k12A00
4kpnA00	4kpnA00
4lmoA00	4lmoA00
4mlgG00	4mlgG00
4nleA03	4nleA03
4oelB00	4oelB00
4pt1B00	4pt1B00
4qshA05	4qshA05
4tvsA00	4tvsA00
4w8pA02	4w8pA02
4xrtA02	4xrtA02
4zoeA01	4zoeA01
5b1aJ00	5b1aJ00
5d4z401	5d4z401
5f4jA02	5f4jA02
5h1sc00	5h1sc00
5jeaJ03	5jeaJ03
5swuA00	5swuA00
1a7gE00	1a7gE00
1ap8A00	1ap8A00
1b5eA00	1b5eA00
1bihA02	1bihA02
1byuB00	1byuB00
1cczA01	1cczA01
1cxzB00	1cxzB00
1dj8A00	1dj8A00
1dzfA02	1dzfA02
1edqA03	1edqA03
1ethA01	1ethA01
1f60B00	1f60B00
1fr3A00	1fr3A00
1g8kC01	1g8kC01
1gprA00	1gprA00
1h12A00	1h12A00
1hluP00	1hluP00
1i1iP02	1i1iP02
1iicA02	1iicA02
1iyhB02	1iyhB02
1jeyA03	1jeyA03
1jqpA01	1jqpA01
1k8iB01	1k8iB01
1knyA02	1knyA02
1l1fA03	1l1fA03
1lp1A00	1lp1A00
1m5yA01	1m5yA01
1myrA00	1myrA00
1nf8A00	1nf8A00
1o0sA02	1o0sA02
1olzA02	1olzA02
1p90A00	1p90A00
1pm6A00	1pm6A00
1q4tA00	1q4tA00
1qstA00	1qstA00
1r8oB01	1r8oB01
1ry9A00	1ry9A00
1sfpA00	1sfpA00
1stmA00	1stmA00
1t92A01	1t92A01
1tvjA00	1tvjA00
1uaaA04	1uaaA04
1uw4B00	1uw4B00
1vctA01	1vctA01
1vs5E01	1vs5E01
1vwxa02	1vwxa02
1wa9A02	1wa9A02
1wk0A01	1wk0A01
1wvkA00	1wvkA00
1xauA00	1xauA00
1xxaC00	1xxaC00
1ygmA01	1ygmA01
1z3rA00	1z3rA00
1zo0A00	1zo0A00
2a45H00	2a45H00
2auvA00	2auvA00
3sucA02	3sucA02
3te8A00	3te8A00
3u4zA00	3u4zA00
3va7A05	3va7A05
3vsmA01	3vsmA01
3wdpP00	3wdpP00
3x1lB02	3x1lB02
3zvhA01	3zvhA01
4a4aA04	4a4aA04
4akgA10	4akgA10
4azzA00	4azzA00
4bjjA00	4bjjA00
4c12A01	4c12A01
4cogA00	4cogA00
4dguA02	4dguA02
4e6sA00	4e6sA00
4f7eA01	4f7eA01
4fp9A02	4fp9A02
4g92B00	4g92B00
4h63H01	4h63H01
4i1tA02	4i1tA02
4igbB02	4igbB02
4ivfA02	4ivfA02
4jp0A01	4jp0A01
4kjzB01	4kjzB01
4le3C00	4le3C00
4m70B00	4m70B00
4ncdA02	4ncdA02
4o6yB00	4o6yB00
4pdcE00	4pdcE00
4qlzB00	4qlzB00
4tjvA00	4tjvA00
4uurA00	4uurA00
4xfsA00	4xfsA00
4zb6A01	4zb6A01
5aj3F00	5aj3F00
5cn2A00	5cn2A00
5ekdA02	5ekdA02
5gan800	5gan800
5it3A00	5it3A00
5ljwA02	5ljwA02
1a3oA00	1a3oA00
1aihA00	1aihA00
1b33N01	1b33N01
1bf2A02	1bf2A02
1bw5A00	1bw5A00
1c9bA02	1c9bA02
1cprA00	1cprA00
1dd9A03	1dd9A03
1dsxA00	1dsxA00
1ea0A02	1ea0A02
1eovA02	1eovA02
1f1dA00	1f1dA00
1fmtB01	1fmtB01
1g5aA03	1g5aA03
1gmjD00	1gmjD00
1gy1A00	1gy1A00
1hcrA00	1hcrA00
1hx2A00	1hx2A00
1id1A00	1id1A00
1iucA00	1iucA00
1jakA02	1jakA02
1jndA02	1jndA02
1k4iA00	1k4iA00
1kk8B01	1kk8B01
1kx5A00	1kx5A00
1lm0A00	1lm0A00
1m3yA02	1m3yA02
1mpgA03	1mpgA03
1nd4A02	1nd4A02
1nvmA02	1nvmA02
1oheA01	1oheA01
1oxjA01	1oxjA01
1pixA02	1pixA02
1pz4A00	1pz4A00
1qmgB01	1qmgB01
1r6bX03	1r6bX03
1rquA01	1rquA01
1sbnI00	1sbnI00
1sr2A00	1sr2A00
1t17A00	1t17A00
1tocR02	1tocR02
1u6mA00	1u6mA00
1ussA00	1ussA00
1v8cA02	1v8cA02
1vq8P01	1vq8P01
1vwxA01	1vwxA01
1w5sA02	1w5sA02
1whoA00	1whoA00
1wqaA04	1wqaA04
1x4pA00	1x4pA00
1x4pA00	1x4oA00
1xr7A03	1xr7A03
1ycgA02	1ycgA02
1yueA02	1yueA02
1zhcA00	1zhcA00
1zzaA00	1zzaA00
2arpF02	2arpF02
2b9eA01	2b9eA01
2c10A02	2c10A02
2cjsA01	2cjsA01
2bhuA01	2bhuA01
2c42A07	2c42A07
2co5A00	2co5A00
2d4uB00	2d4uB00
2dixA01	2dixA01
2e11A00	2e11A00
2ebeA00	2ebeA00
2eyzA03	2eyzA03
2fjcB00	2fjcB00
2g25A03	2g25A03
2gu3A01	2gu3A01
2hbvB00	2hbvB00
2hraA02	2hraA02
2ic6A00	2ic6A00
2j22A00	2j22A00
2jmrA00	2jmrA00
2jv4A00	2jv4A00
2k57A00	2k57A00
2kgsA01	2kgsA01
2knrA00	2knrA00
2kwbA00	2kwbA00
2l55A00	2l55A00
2lgnA00	2lgnA00
2lrrA00	2lrrA00
2m4iA01	2m4iA01
2mh9A00	2mh9A00
2n00A00	2n00A00
2nu7A02	2nu7A02
2okxA03	2okxA03
2p6rA04	2p6rA04
2py5A01	2py5A01
2qltA02	2qltA02
2rblA02	2rblA02
2uv8G11	2uv8G11
2v9kA03	2v9kA03
2vtfA03	2vtfA03
2w51A01	2w51A01
2wsaA00	2wsaA00
2x4mB00	2x4mB00
2xnrA00	2xnrA00
2y26A01	2y26A01
2ynmD03	2ynmD03
2z58B00	2z58B00
2zuoA02	2zuoA02
3a8gB02	3a8gB02
3aosA00	3aosA00
3balA01	3balA01
3c6fA01	3c6fA01
3cs1A02	3cs1A02
3demA03	3demA03
3ed4A02	3ed4A02
3eypA01	3eypA01
3fg6A02	3fg6A02
3g7mA00	3g7mA00
3gwyB00	3gwyB00
3hi2B00	3hi2B00
3i5qA02	3i5qA02
3ispA02	3ispA02
3k06B00	3k06B00
3kifD00	3kifD00
3l6aA01	3l6aA01
3luyA02	3luyA02
3mkrA00	3mkrA00
3ngkA00	3ngkA00
3o4hA01	3o4hA01
3ottA01	3ottA01
3pio100	3pio100
3q8dA01	3q8dA01
3r1kA02	3r1kA02
3rsiB01	3rsiB01
3t3pB01	3t3pB01
3tjtA01	3tjtA01
3udcA02	3udcA02
3vhlA02	3vhlA02
3vyqA00	3vyqA00
3wlaA00	3wlaA00
3zh9B03	3zh9B03
3zytA00	3zytA00
4abmA00	4abmA00
4ap5A02	4ap5A02
4b7oA01	4b7oA01
4bq6A01	4bq6A01
4c79B00	4c79B00
4cvuA01	4cvuA01
4dloB01	4dloB01
4egvA02	4egvA02
4fcyB02	4fcyB02
4fvmA02	4fvmA02
4gkfA00	4gkfA00
4hi0E00	4hi0E00
4i6jB02	4i6jB02
4ii2A03	4ii2A03
4j3vA04	4j3vA04
4k2xA03	4k2xA03
4kqeA02	4kqeA02
4lmvA02	4lmvA02
4mloA03	4mloA03
4nmxA01	4nmxA01
4ofyD04	4ofyD04
4pv2B00	4pv2B00
4qxbB00	4qxbB00
4tx1A00	4tx1A00
4wcgA00	4wcgA00
4xuoA00	4xuoA00
4zohB01	4zohB01
5b1oA00	5b1oA00
5d6dC02	5d6dC02
5f64A02	5f64A02
5h7hA00	5h7hA00
5jenA01	5jenA01
5t3eB02	5t3eB02
1a7mA00	1a7mA00
1aq3A00	1aq3A00
1b5fB00	1b5fB00
1bikA00	1bikA00
1c01A00	1c01A00
1cd9D01	1cd9D01
1cygA03	1cygA03
1djqA01	1djqA01
1dzwP00	1dzwP00
1eerA00	1eerA00
1eu3A02	1eu3A02
1f7uA02	1f7uA02
1frmA00	1frmA00
1g8qA00	1g8qA00
1gq4A00	1gq4A00
1h19A02	1h19A02
1hlvA02	1hlvA02
1i2nA00	1i2nA00
1iieA00	1iieA00
1iyjB04	1iyjB04
1jeyA04	1jeyA04
1jr2A02	1jr2A02
1k8kD01	1k8kD01
1knzA01	1knzA01
1l3gA00	1l3gA00
1lpbA00	1lpbA00
1m6nA05	1m6nA05
1mzbA02	1mzbA02
1ng6A02	1ng6A02
1o0uA02	1o0uA02
1om2A00	1om2A00
1p94A00	1p94A00
1pmsA00	1pmsA00
1q57G02	1q57G02
1qtuA00	1qtuA00
1r9lA02	1r9lA02
1ryuA00	1ryuA00
1sg4A01	1sg4A01
1su0B00	1su0B00
1ta9B01	1ta9B01
1tvsA00	1tvsA00
1uaiA00	1uaiA00
1uwyA01	1uwyA01
1vddA03	1vddA03
1vs5F01	1vs5F01
1vx4K02	1vx4K02
1waaE00	1waaE00
1wk8B00	1wk8B00
1wvuB02	1wvuB02
1xbdA00	1xbdA00
1xxmC01	1xxmC01
1ygyB03	1ygyB03
1z3xA02	1z3xA02
1zoyD00	1zoyD00
2a6hC03	2a6hC03
2aw4U00	2aw4U00
2bhzA04	2bhzA04
2c5zA00	2c5zA00
2coaA01	2coaA01
2d4wA02	2d4wA02
2dk1A00	2dk1A00
2e12A00	2e12A00
2ebfX04	2ebfX04
2f07B00	2f07B00
2fji101	2fji101
2g2bA01	2g2bA01
2gu3A02	2gu3A02
2hc8A00	2hc8A00
2hruA02	2hruA02
2idaA01	2idaA01
2j3fD02	2j3fD02
2jmwA01	2jmwA01
2jv8A00	2jv8A00
2k5gA01	2k5gA01
2khcA00	2khcA00
2knyA00	2knyA00
2kwhA00	2kwhA00
2l5aA00	2l5aA00
2lhfA00	2lhfA00
2lruA00	2lruA00
2m4lA00	2m4lA00
2mhgA00	2mhgA00
2n1hA00	2n1hA00
2nu8A01	2nu8A01
2okxA05	2okxA05
2p7vB00	2p7vB00
2pywA02	2pywA02
2qmiA02	2qmiA02
2rcnA03	2rcnA03
2uv9A01	2uv9A01
2va0A00	2va0A00
2vtwA00	2vtwA00
2w5eA01	2w5eA01
2ettA00	2ettA00
2fg6C02	2fg6C02
2fuqA01	2fuqA01
2gm8A00	2gm8A00
2h85A01	2h85A01
2hkeA02	2hkeA02
2i2cA02	2i2cA02
2ivxB01	2ivxB01
2jigA01	2jigA01
2jroA01	2jroA01
2k3pA01	2k3pA01
2kdbA00	2kdbA00
2kloA00	2kloA00
2ktsA01	2ktsA01
2l1sA00	2l1sA00
2lepA00	2lepA00
2lpeA02	2lpeA02
2m1rA00	2m1rA00
2mcfA00	2mcfA00
2mqhA00	2mqhA00
2npuA00	2npuA00
2obkA00	2obkA00
2p0aA03	2p0aA03
2porA00	2porA00
2qj6A02	2qj6A02
2r6zA01	2r6zA01
2rqrA00	2rqrA00
2v5dA01	2v5dA01
2vqeR00	2vqeR00
2w2hA02	2w2hA02
2wlxA01	2wlxA01
2x0sA02	2x0sA02
2xhwA03	2xhwA03
2xzm203	2xzm203
2yiuC02	2yiuC02
2yysA00	2yysA00
2zogA02	2zogA02
3a1kA01	3a1kA01
3akjA02	3akjA02
3b7kC02	3b7kC02
3c19A01	3c19A01
3clwA02	3clwA02
3d4gE03	3d4gE03
3e58A02	3e58A02
3et4A00	3et4A00
3fcsB03	3fcsB03
3fxtA00	3fxtA00
3go6A00	3go6A00
3ha4B00	3ha4B00
3i01A03	3i01A03
3ijpA02	3ijpA02
3jqwC00	3jqwC00
3k7gB00	3k7gB00
3kzjA02	3kzjA02
3loyA02	3loyA02
3mcbB00	3mcbB00
3n75A04	3n75A04
3nznA00	3nznA00
3opuA01	3opuA01
3pdiB02	3pdiB02
3pxgA04	3pxgA04
3qq5A03	3qq5A03
3rhaA00	3rhaA00
3sulA00	3sulA00
3tekA00	3tekA00
3u60E02	3u60E02
3va7A06	3va7A06
3vsmA03	3vsmA03
3wdvB00	3wdvB00
3x1lB03	3x1lB03
3zvqA00	3zvqA00
4a4kA02	4a4kA02
4akgA16	4akgA16
4b0bB00	4b0bB00
4bjqA00	4bjqA00
4c1bA02	4c1bA02
4cpgA00	4cpgA00
4dh2A00	4dh2A00
4e79A02	4e79A02
4f85A00	4f85A00
4fppA02	4fppA02
4g92C00	4g92C00
4h6pA00	4h6pA00
4i2aA01	4i2aA01
4iggA01	4iggA01
4ivnA02	4ivnA02
4jqfA02	4jqfA02
4kjzB03	4kjzB03
4le7A02	4le7A02
4m7rA00	4m7rA00
4neeB00	4neeB00
4o7oA02	4o7oA02
4pg4B03	4pg4B03
4qm6A00	4qm6A00
4tknA01	4tknA01
4uuwB02	4uuwB02
4xgqA00	4xgqA00
4zbqA05	4zbqA05
5aj3P00	5aj3P00
5co1B02	5co1B02
5eokA03	5eokA03
5gipA01	5gipA01
5iwhA00	5iwhA00
5lltA00	5lltA00
1a48A01	1a48A01
1ajoA00	1ajoA00
1b35A00	1b35A00
1bf2A03	1bf2A03
1bwdA00	1bwdA00
1c9kB00	1c9kB00
1cpyA02	1cpyA02
1dgfA01	1dgfA01
1dtdB00	1dtdB00
1ea0B04	1ea0B04
1eptB00	1eptB00
1f1sA01	1f1sA01
1fmzA00	1fmzA00
1g61A00	1g61A00
1gnlA01	1gnlA01
1gytL01	1gytL01
1hdrA00	1hdrA00
1hxnA00	1hxnA00
1id3B00	1id3B00
1iufA02	1iufA02
1jalA03	1jalA03
1jnrA03	1jnrA03
1k4tA03	1k4tA03
1kkxA00	1kkxA00
1kxcA02	1kxcA02
1lm8V01	1lm8V01
1m4iB00	1m4iB00
1mpxA02	1mpxA02
1nd6A00	1nd6A00
1nvmB02	1nvmB02
1oj1A00	1oj1A00
1oxjA02	1oxjA02
1pjaA00	1pjaA00
1pzrA00	1pzrA00
1qo8A01	1qo8A01
1r6bX05	1r6bX05
1rrzA00	1rrzA00
1sdiA00	1sdiA00
1sr4C00	1sr4C00
1t1jA00	1t1jA00
1tpmA00	1tpmA00
1u6tA00	1u6tA00
1usyD00	1usyD00
1v8hA00	1v8hA00
1vq8P03	1vq8P03
1vwxA02	1vwxA02
1w66A01	1w66A01
1whqA01	1whqA01
1wr8A02	1wr8A02
1x4rA01	1x4rA01
1xrsB01	1xrsB01
1ycoA00	1ycoA00
1yvcA00	1yvcA00
1zhsA01	1zhsA01
2a02A01	2a02A01
2arzA02	2arzA02
2b9sA02	2b9sA02
2c1dA02	2c1dA02
2ckfC02	2ckfC02
2d0oA03	2d0oA03
2dewX03	2dewX03
2dyiA01	2dyiA01
2e8yA04	2e8yA04
2evrA01	2evrA01
2fgyA03	2fgyA03
2fwrA03	2fwrA03
2gmwA00	2gmwA00
2h85A02	2h85A02
2hl0A01	2hl0A01
2i4lA01	2i4lA01
2ix0A02	2ix0A02
2jjqA01	2jjqA01
2jrrA01	2jrrA01
2k49A00	2k49A00
2kdcA00	2kdcA00
2klqA00	2klqA00
2ktyA02	2ktyA02
2l1tA00	2l1tA00
2levA00	2levA00
2lpuA00	2lpuA00
2m1xA00	2m1xA00
2mcmA00	2mcmA00
2mriA00	2mriA00
2nqlA02	2nqlA02
2of5H00	2of5H00
2p39A00	2p39A00
2pp4A00	2pp4A00
2qjfA02	2qjfA02
2r7dA01	2r7dA01
2rqxA00	2rqxA00
2v5wA00	2v5wA00
2vr3B01	2vr3B01
2w2kA02	2w2kA02
2wmmA02	2wmmA02
2x0sA03	2x0sA03
2xi5A00	2xi5A00
2xzmK00	2xzmK00
2yj6A02	2yj6A02
2yz0A00	2yz0A00
2zpaA02	2zpaA02
3a21A02	3a21A02
3akoD00	3akoD00
3b7nA02	3b7nA02
3c19A02	3c19A02
3cmgA01	3cmgA01
3d5lA01	3d5lA01
3e6jA00	3e6jA00
3ethA01	3ethA01
3fd9A03	3fd9A03
3g0vA00	3g0vA00
3goeA00	3goeA00
3hb3B02	3hb3B02
3i08A02	3i08A02
3ik4A02	3ik4A02
3jr1A02	3jr1A02
3k8kA04	3k8kA04
3kzxA02	3kzxA02
3lppA02	3lppA02
3mcrA00	3mcrA00
3n7mA02	3n7mA02
3o0aA00	3o0aA00
3opxA02	3opxA02
3pf2A01	3pf2A01
3py9A04	3py9A04
3qt2A01	3qt2A01
3rhaB03	3rhaB03
3swoA03	3swoA03
3tfzB00	3tfzB00
3u61D03	3u61D03
3vaxA02	3vaxA02
3vsvA02	3vsvA02
3webA00	3webA00
3x3eB02	3x3eB02
3zwcA03	3zwcA03
4a53A01	4a53A01
4akrA01	4akrA01
4b0zA00	4b0zA00
4bjuA03	4bjuA03
4c1bB01	4c1bB01
4cqiA00	4cqiA00
4dhiB02	4dhiB02
4e79B01	4e79B01
4f87B00	4f87B00
4fppB01	4fppB01
4gaoA02	4gaoA02
4h9qC00	4h9qC00
4i2oA01	4i2oA01
4iggB02	4iggB02
4iwxA01	4iwxA01
4jqiA01	4jqiA01
4kksA03	4kksA03
4leeA02	4leeA02
4makB00	4makB00
4neiA01	4neiA01
4o96A01	4o96A01
4ph8A00	4ph8A00
4qmfB01	4qmfB01
4tmpA00	4tmpA00
4uzsA03	4uzsA03
4xjwA03	4xjwA03
4zcnA00	4zcnA00
5apaA00	5apaA00
5cogA00	5cogA00
5eoxB03	5eoxB03
5gipA03	5gipA03
5iz7D00	5iz7D00
5lnk102	5lnk102
1a5cA00	1a5cA00
1ak0A00	1ak0A00
1b35D00	1b35D00
1bf6A00	1bf6A00
1bwuD00	1bwuD00
1ca1A01	1ca1A01
1cq3A00	1cq3A00
1dglA00	1dglA00
1dtoA01	1dtoA01
1eakA01	1eakA01
1epwA01	1epwA01
1f3mA00	1f3mA00
1fo1B00	1fo1B00
1g6q102	1g6q102
1gnlA03	1gnlA03
1gytL02	1gytL02
1hezE00	1hezE00
1hyoA01	1hyoA01
1iduA02	1iduA02
1iv8A05	1iv8A05
1jb2A00	1jb2A00
1jnrB01	1jnrB01
1k5mB00	1k5mB00
1kliL00	1kliL00
1kxlA00	1kxlA00
1lmlA01	1lmlA01
1m4uA02	1m4uA02
1mpyA02	1mpyA02
1nd7A02	1nd7A02
1nvpD01	1nvpD01
1oj7A02	1oj7A02
1oy5A02	1oy5A02
1pjqA01	1pjqA01
1q02A00	1q02A00
1qoyA00	1qoyA00
1r6nA02	1r6nA02
1rsoA01	1rsoA01
1sdwA02	1sdwA02
1sr8A02	1sr8A02
1t27A00	1t27A00
1tu1A00	1tu1A00
1u6zA04	1u6zA04
1utaA00	1utaA00
1v95A01	1v95A01
1vq8Q00	1vq8Q00
1vwxG01	1vwxG01
1w6kA03	1w6kA03
1whrA00	1whrA00
1wraA01	1wraA01
1x4tA01	1x4tA01
1xsfA00	1xsfA00
1ydfA02	1ydfA02
1ywmA02	1ywmA02
1zhxA03	1zhxA03
2a06B02	2a06B02
2askA00	2askA00
2b9sB00	2b9sB00
2c1dB00	2c1dB00
2ckkA01	2ckkA01
2d0vB00	2d0vB00
2dfdA02	2dfdA02
2dyoA02	2dyoA02
2e9qA02	2e9qA02
2ewfA03	2ewfA03
2fgzA02	2fgzA02
2fyuI00	2fyuI00
2go7A02	2go7A02
2h88A02	2h88A02
2hm8A00	2hm8A00
2i54A02	2i54A02
2ix7C00	2ix7C00
2jjsC00	2jjsC00
2jrxA00	2jrxA00
2k4hA01	2k4hA01
2kdiA00	2kdiA00
2kltA00	2kltA00
2kuiA02	2kuiA02
2l23A00	2l23A00
2lezA00	2lezA00
2lq3A01	2lq3A01
2m2lA00	2m2lA00
2mctA00	2mctA00
2mrlA00	2mrlA00
2nraC02	2nraC02
2ogkD00	2ogkD00
2p3fN00	2p3fN00
2pqgB02	2pqgB02
2qjgA00	2qjgA00
2r7rA08	2r7rA08
2rreA00	2rreA00
2v6eA03	2v6eA03
2vrdA00	2vrdA00
2w2uA00	2w2uA00
2wn3A02	2wn3A02
2x1dA02	2x1dA02
2xk0A00	2xk0A00
2xzmM01	2xzmM01
2yjlA00	2yjlA00
2yztA00	2yztA00
2zqeA00	2zqeA00
3a2kA03	3a2kA03
3al9A02	3al9A02
3b82A03	3b82A03
3c1yA01	3c1yA01
3cmqA01	3cmqA01
3d68A01	3d68A01
3e6uA00	3e6uA00
3ethA03	3ethA03
3fddA03	3fddA03
3g2bA00	3g2bA00
3gqcC04	3gqcC04
3hbvP01	3hbvP01
3i1cA00	3i1cA00
3ikoC02	3ikoC02
3js8A03	3js8A03
3kdrA03	3kdrA03
3l1xA01	3l1xA01
3lppA04	3lppA04
3meuB02	3meuB02
3n90A00	3n90A00
3o0gD00	3o0gD00
3oq3B01	3oq3B01
3pf8A00	3pf8A00
3pyfA02	3pyfA02
3qwgB00	3qwgB00
3rioA02	3rioA02
3swxA02	3swxA02
3tguH00	3tguH00
3u62A02	3u62A02
3vayA02	3vayA02
3vtoQ02	3vtoQ02
3wg9A02	3wg9A02
3ygsP00	3ygsP00
3zx1A02	3zx1A02
4a56A00	4a56A00
4akrA02	4akrA02
4b15A00	4b15A00
4bk4A03	4bk4A03
4c1nA01	4c1nA01
4crwA00	4crwA00
4dhkB00	4dhkB00
4e9jA02	4e9jA02
4f8lA00	4f8lA00
4fprB00	4fprB00
4gc0A01	4gc0A01
4hbdA00	4hbdA00
4i3gA03	4i3gA03
4ihbD00	4ihbD00
4ix3A01	4ix3A01
4jrfA03	4jrfA03
4kmcA00	4kmcA00
4leuA00	4leuA00
4mb4A02	4mb4A02
4ng0B00	4ng0B00
4obxA00	4obxA00
4phzA02	4phzA02
4qmiA00	4qmiA00
4tpsA00	4tpsA00
4v0bA00	4v0bA00
4xjxA03	4xjxA03
4zd6C00	4zd6C00
5aycA00	5aycA00
5cqgA05	5cqgA05
5exeA02	5exeA02
5gkxA00	5gkxA00
5j4mA02	5j4mA02
5lnk103	5lnk103
1a66A00	1a66A00
1ak2A00	1ak2A00
1b3qA04	1b3qA04
1bg6A01	1bg6A01
1bwvS00	1bwvS00
1cb5A01	1cb5A01
1cqzB02	1cqzB02
1dgnA00	1dgnA00
1du5A00	1du5A00
1eb4A02	1eb4A02
1eq6A00	1eq6A00
1f3vA00	1f3vA00
1fobA00	1fobA00
1g6sA02	1g6sA02
1gntA02	1gntA02
1gyxA01	1gyxA01
1hf2A02	1hf2A02
1hypA00	1hypA00
1if1B00	1if1B00
1ivtA00	1ivtA00
1jb3A00	1jb3A00
1jnrB02	1jnrB02
1k70A02	1k70A02
1kloA01	1kloA01
1kxpD02	1kxpD02
1lmlA02	1lmlA02
1m4yA00	1m4yA00
1mr1D00	1mr1D00
1nd7A03	1nd7A03
1nwhA02	1nwhA02
1ojwB01	1ojwB01
1oygA01	1oygA01
1pjqA03	1pjqA03
1q15A01	1q15A01
1qpoA02	1qpoA02
1r7aA03	1r7aA03
1ru3A04	1ru3A04
1se9A00	1se9A00
1sraA00	1sraA00
1t33A02	1t33A02
1tu3J00	1tu3J00
1u71A00	1u71A00
1uteA00	1uteA00
1v9vA01	1v9vA01
1vq8W02	1vq8W02
1vwxI01	1vwxI01
1w8gA00	1w8gA00
1whsB02	1whsB02
1wrjA01	1wrjA01
1x4yA01	1x4yA01
1xu1A00	1xu1A00
1yduA01	1yduA01
1ywqA00	1ywqA00
1zhxA04	1zhxA04
2a19A02	2a19A02
2astB00	2astB00
2b9wA02	2b9wA02
2c1lA02	2c1lA02
3qyeA03	3qyeA03
3rnvA00	3rnvA00
3syxA00	3syxA00
3tixB03	3tixB03
3u9sE04	3u9sE04
3vbaA00	3vbaA00
3vuoA03	3vuoA03
3winC00	3winC00
3zdbA02	3zdbA02
3zxsA04	3zxsA04
4a5wB04	4a5wB04
4annA00	4annA00
4b45A02	4b45A02
4boeA00	4boeA00
4c2mA06	4c2mA06
4cu4A01	4cu4A01
4diw202	4diw202
4edgA01	4edgA01
4f9zA02	4f9zA02
4fqmA02	4fqmA02
4gh7A00	4gh7A00
4hdjA00	4hdjA00
4i4oA00	4i4oA00
4ihqB03	4ihqB03
4j11D00	4j11D00
4jvcA00	4jvcA00
4kooB00	4kooB00
4lj7A01	4lj7A01
4mgrA02	4mgrA02
4njmA02	4njmA02
4od4A01	4od4A01
4pn6A00	4pn6A00
4qpgA00	4qpgA00
4tquM01	4tquM01
4v28A00	4v28A00
4xk8d00	4xk8d00
4ziyA01	4ziyA01
5b00A00	5b00A00
5cvrA02	5cvrA02
5f28C00	5f28C00
5gv0A00	5gv0A00
5ja1B00	5ja1B00
5lzpN00	5lzpN00
1a6sA00	1a6sA00
1amiA02	1amiA02
1b4aA01	1b4aA01
1bho100	1bho100
1by1A00	1by1A00
1cbfA02	1cbfA02
1cttA02	1cttA02
1dgwX00	1dgwX00
1dwnA00	1dwnA00
1ecmA00	1ecmA00
1eswA00	1eswA00
1f52A01	1f52A01
1fokA02	1fokA02
1g86A00	1g86A00
1gofA02	1gofA02
1gzeA00	1gzeA00
1hjrA00	1hjrA00
1hzoA00	1hzoA00
1igrA02	1igrA02
1iwmA00	1iwmA00
1jctA02	1jctA02
1jqkA02	1jqkA02
1k87A03	1k87A03
1kn3A00	1kn3A00
1l0qA02	1l0qA02
1ln4A00	1ln4A00
1m56C02	1m56C02
1mtyG02	1mtyG02
1neiA00	1neiA00
1nycA00	1nycA00
1okjA02	1okjA02
1p3hB00	1p3hB00
1pkhB00	1pkhB00
1q2lA02	1q2lA02
1qr0A02	1qr0A02
1r89A02	1r89A02
1rv9A00	1rv9A00
1sesA02	1sesA02
1st0A02	1st0A02
1t4mA00	1t4mA00
1tujA00	1tujA00
1u89A00	1u89A00
1uurA01	1uurA01
1vbkA02	1vbkA02
1vqqA01	1vqqA01
1vwxS01	1vwxS01
1w99A01	1w99A01
1wioA04	1wioA04
1wteA02	1wteA02
1x9mA01	1x9mA01
1xwrB00	1xwrB00
1yfbA00	1yfbA00
1z1vA00	1z1vA00
1zkzA00	1zkzA00
2a28A00	2a28A00
2aujD03	2aujD03
2bbrA01	2bbrA01
3pivA00	3pivA00
3q8gA01	3q8gA01
3r20A00	3r20A00
3rw7A01	3rw7A01
3t49A00	3t49A00
3tl8F00	3tl8F00
3ufbA01	3ufbA01
3vhxF00	3vhxF00
3vzbB01	3vzbB01
3wlwA02	3wlwA02
3zhiA00	3zhiA00
3zyyX03	3zyyX03
4adnA01	4adnA01
4apxB01	4apxB01
4b8tA00	4b8tA00
4bs9A04	4bs9A04
4c91A03	4c91A03
4cvuA05	4cvuA05
4dlqA03	4dlqA03
4eibA00	4eibA00
4fd4A00	4fd4A00
4fw1B01	4fw1B01
4gklA02	4gklA02
4hjzA00	4hjzA00
4i6uB00	4i6uB00
4iiyA01	4iiyA01
4j8qA01	4j8qA01
4k3bA01	4k3bA01
4krdB00	4krdB00
4lp7A01	4lp7A01
4mmkI00	4mmkI00
4nn5B01	4nn5B01
4oj5A01	4oj5A01
4pwqA02	4pwqA02
4qzvB02	4qzvB02
4tx8A02	4tx8A02
4wczA02	4wczA02
4y5tB00	4y5tB00
4zrpA02	4zrpA02
5b58T02	5b58T02
5daeA00	5daeA00
5fhiA01	5fhiA01
5h9fJ00	5h9fJ00
5jj6B01	5jj6B01
5thxA02	5thxA02
1a87A02	1a87A02
1aqiA02	1aqiA02
1b5tA00	1b5tA00
1bj4A01	1bj4A01
1c16A01	1c16A01
1ceeB00	1ceeB00
1cz3B00	1cz3B00
1dk5B01	1dk5B01
1e1gA00	1e1gA00
1efpA01	1efpA01
1euvA02	1euvA02
1f8vC00	1f8vC00
1ft0B00	1ft0B00
1gakA00	1gakA00
1gqiA02	1gqiA02
1h3eA03	1h3eA03
1hn0A03	1hn0A03
1i4wA01	1i4wA01
1ik7A00	1ik7A00
1iz6A02	1iz6A02
1jeyB03	1jeyB03
1jr3D02	1jr3D02
1k8kF00	1k8kF00
1koyA00	1koyA00
1l3wA03	1l3wA03
1lqlA02	1lqlA02
1m7gC00	1m7gC00
1mzvA00	1mzvA00
1nh8A02	1nh8A02
1o69A02	1o69A02
1on2A01	1on2A01
1p9mC01	1p9mC01
1poiA02	1poiA02
1q5zA00	1q5zA00
1qu3A05	1qu3A05
1reoA03	1reoA03
1rzuA02	1rzuA02
1sgjA00	1sgjA00
1sumB02	1sumB02
1tc3C00	1tc3C00
1twuA00	1twuA00
1uapA00	1uapA00
1ux6A01	1ux6A01
1ve2B02	1ve2B02
1vs7S00	1vs7S00
1vx7H01	1vx7H01
1wc2A00	1wc2A00
1wkrA02	1wkrA02
1wwjA00	1wwjA00
1xdpA02	1xdpA02
1y0hB00	1y0hB00
1yhnB00	1yhnB00
1z5bB03	1z5bB03
1zpdA02	1zpdA02
2a6hC05	2a6hC05
2ckkA02	2ckkA02
2d1pA00	2d1pA00
2dfjA00	2dfjA00
2dyuA01	2dyuA01
2e9wA01	2e9wA01
2ewiA00	2ewiA00
2fhfA01	2fhfA01
2fz0A00	2fz0A00
2gomA00	2gomA00
2h8gA00	2h8gA00
2hnlA02	2hnlA02
2i59A00	2i59A00
2ixoA02	2ixoA02
2jk8A01	2jk8A01
2jsnA00	2jsnA00
2k4mA00	2k4mA00
2kdoA03	2kdoA03
2kmcA00	2kmcA00
2kupA01	2kupA01
2l25A00	2l25A00
2lf0A01	2lf0A01
2lqgA00	2lqgA00
2m3dA01	2m3dA01
2mdiA00	2mdiA00
2mrpA00	2mrpA00
2nrtA01	2nrtA01
2ogyA00	2ogyA00
2p4sA00	2p4sA00
2proC01	2proC01
2qjoA01	2qjoA01
2ra1A02	2ra1A02
2rsxA00	2rsxA00
2v6kA02	2v6kA02
2vreA02	2vreA02
2w38A01	2w38A01
2wniB00	2wniB00
2x2oA00	2x2oA00
2xkgA00	2xkgA00
2xzmO02	2xzmO02
2yk0A02	2yk0A02
2z0fA04	2z0fA04
2zr9A02	2zr9A02
3a2pA00	3a2pA00
3am2A02	3am2A02
3b89A01	3b89A01
3c1yA02	3c1yA02
3cnqP00	3cnqP00
3d9xA01	3d9xA01
3e7lA00	3e7lA00
3euhA02	3euhA02
3fewX01	3fewX01
3g2eB00	3g2eB00
3gs3A00	3gs3A00
3hc7A02	3hc7A02
3i24B00	3i24B00
3innA02	3innA02
3js8A04	3js8A04
3keoA01	3keoA01
3l2bA02	3l2bA02
3lq6A02	3lq6A02
3mg3A01	3mg3A01
3n93B04	3n93B04
3o2lA00	3o2lA00
3or1A02	3or1A02
3pfgA02	3pfgA02
3pyoY00	3pyoY00
3qy2A00	3qy2A00
3rkgA01	3rkgA01
3sxwA00	3sxwA00
3thgA00	3thgA00
3u64A00	3u64A00
3vb0A01	3vb0A01
3vu1A02	3vu1A02
3whpA01	3whpA01
3zc0D00	3zc0D00
3zx4A02	3zx4A02
4a57A02	4a57A02
4amwA01	4amwA01
4b28A01	4b28A01
4bkmA02	4bkmA02
4c20A02	4c20A02
4csbA00	4csbA00
4divS02	4divS02
4e9xA02	4e9xA02
4f92B03	4f92B03
4fpvB00	4fpvB00
4gcmA02	4gcmA02
4hceA00	4hceA00
4i4m600	4i4m600
4ihqA02	4ihqA02
4ix3A02	4ix3A02
4js8A01	4js8A01
4kmwA00	4kmwA00
4lflA00	4lflA00
4meiA00	4meiA00
4nh0A03	4nh0A03
4oc8A01	4oc8A01
4pkiG02	4pkiG02
4qncB00	4qncB00
4tq1A03	4tq1A03
4v19O00	4v19O00
4xjxA04	4xjxA04
4zdsB00	4zdsB00
5aysC00	5aysC00
5crgA03	5crgA03
5ey1B00	5ey1B00
5gqbA01	5gqbA01
5j8eA00	5j8eA00
5loqA02	5loqA02
1a6aB01	1a6aB01
1am4A00	1am4A00
1b3tA00	1b3tA00
1bgqA00	1bgqA00
1bxrA05	1bxrA05
1cb8A01	1cb8A01
1crkA02	1crkA02
1dgsA04	1dgsA04
1dv5A00	1dv5A00
1eb6A00	1eb6A00
1escA00	1escA00
1f46B00	1f46B00
1fod100	1fod100
1g71A02	1g71A02
1gnyA00	1gnyA00
1gyzA00	1gyzA00
1hh2P04	1hh2P04
1hysB04	1hysB04
1ig0A01	1ig0A01
1iw7N06	1iw7N06
1jbiA00	1jbiA00
1jocA01	1jocA01
1k7wA03	1k7wA03
1kloA02	1kloA02
1kzqA01	1kzqA01
1lmzA00	1lmzA00
1m55A00	1m55A00
1mswD04	1mswD04
1ne3A00	1ne3A00
1ny9A00	1ny9A00
1ok0A00	1ok0A00
1oz9A00	1oz9A00
1pjuA01	1pjuA01
1q16B03	1q16B03
1qq3A00	1qq3A00
1r7jA00	1r7jA00
1ru4A00	1ru4A00
1sedA00	1sedA00
1ss3A00	1ss3A00
1t3oA01	1t3oA01
1tuaA01	1tuaA01
1u7lA03	1u7lA03
1uucA00	1uucA00
1vajA02	1vajA02
1vq8X00	1vq8X00
1vwxM01	1vwxM01
1w8oA02	1w8oA02
1whuA00	1whuA00
1wrjA02	1wrjA02
1x6zA00	1x6zA00
1xu6A00	1xu6A00
1ye9A03	1ye9A03
1yzyA01	1yzyA01
1zjcA01	1zjcA01
2a1iA01	2a1iA01
2aswA00	2aswA00
2bapA02	2bapA02
2c29D00	2c29D00
2ckzB01	2ckzB01
2d1pC00	2d1pC00
2dgmA02	2dgmA02
2dzkA01	2dzkA01
2e9wA02	2e9wA02
2ewtA00	2ewtA00
2fhzA00	2fhzA00
2fz4A01	2fz4A01
2gqcA01	2gqcA01
2h8pC00	2h8pC00
2hnuA00	2hnuA00
2i6hA02	2i6hA02
2ixsA01	2ixsA01
2jkbA01	2jkbA01
2jspA01	2jspA01
2k4qA00	2k4qA00
2kdpA00	2kdpA00
2kmsA02	2kmsA02
2kuqA00	2kuqA00
2l35A00	2l35A00
2lf0A02	2lf0A02
2lqjA00	2lqjA00
2m3eA00	2m3eA00
2mdrA00	2mdrA00
2mtcA00	2mtcA00
2nsfA01	2nsfA01
2ohdF00	2ohdF00
2p4vA02	2p4vA02
2psmC01	2psmC01
2qjyB01	2qjyB01
2ra1A03	2ra1A03
2ruhA00	2ruhA00
2v6zM00	2v6zM00
2vrsA03	2vrsA03
2w3jA00	2w3jA00
2wocA00	2wocA00
2x2vA00	2x2vA00
2xmoA02	2xmoA02
2xzmT00	2xzmT00
2yk0A03	2yk0A03
2z0xA00	2z0xA00
2ztdA02	2ztdA02
3a35A02	3a35A02
3amfA00	3amfA00
3b8cA04	3b8cA04
3c1yA03	3c1yA03
3cnuA00	3cnuA00
3d9yA00	3d9yA00
3e9kA02	3e9kA02
3eukL01	3eukL01
3feyA02	3feyA02
3g4nA01	3g4nA01
3gtzA00	3gtzA00
3hg9A01	3hg9A01
3i2dA01	3i2dA01
3ip4B03	3ip4B03
3jtnB00	3jtnB00
3kewA01	3kewA01
3l2pA03	3l2pA03
3lrkA02	3lrkA02
3mhsB00	3mhsB00
3n9kA00	3n9kA00
3o2pA01	3o2pA01
3or1B01	3or1B01
3pfsB00	3pfsB00
3q1cA01	3q1cA01
3qyeA02	3qyeA02
3rkoF01	3rkoF01
3sxxA01	3sxxA01
3tixB01	3tixB01
3u75A01	3u75A01
3vb8B00	3vb8B00
3vu1A04	3vu1A04
3wicA02	3wicA02
3zcoA00	3zcoA00
3zxsA03	3zxsA03
4a5uA00	4a5uA00
4amwA04	4amwA04
4b28A02	4b28A02
4bmdA01	4bmdA01
4c23B01	4c23B01
4ct7B00	4ct7B00
4divV01	4divV01
4ea9A02	4ea9A02
4f9zA01	4f9zA01
4fqgB03	4fqgB03
4gdfA02	4gdfA02
4hd5A01	4hd5A01
4i4nA00	4i4nA00
4ihqB01	4ihqB01
4ixjA02	4ixjA02
4juyB00	4juyB00
4knuA02	4knuA02
4lgyA02	4lgyA02
4mfiA00	4mfiA00
4njhA00	4njhA00
4oc8A02	4oc8A02
4pm4A01	4pm4A01
4qnlA02	4qnlA02
4tqrA03	4tqrA03
4v1ap00	4v1ap00
4xk8F00	4xk8F00
4zevA02	4zevA02
5aywE01	5aywE01
5cvjB01	5cvjB01
5ez3A03	5ez3A03
5gtqA00	5gtqA00
5j98B00	5j98B00
5lzkA00	5lzkA00
1a6cA02	1a6cA02
1ameA00	1ameA00
1b43A02	1b43A02
1bh3A00	1bh3A00
1bxrC02	1bxrC02
1cb8A03	1cb8A03
1ctfA00	1ctfA00
1dgsA05	1dgsA05
1dw0A00	1dw0A00
1ebfA02	1ebfA02
1espA01	1espA01
1f4sP00	1f4sP00
1fohA03	1fohA03
1g7uA00	1g7uA00
1go4A00	1go4A00
1gz1A00	1gz1A00
1hi7A00	1hi7A00
1hzmA00	1hzmA00
1igqB00	1igqB00
1iweA03	1iweA03
1jbjA02	1jbjA02
1jq5A02	1jq5A02
1k87A01	1k87A01
1kmdA00	1kmdA00
1l0oC00	1l0oC00
1ln1A00	1ln1A00
1m56C01	1m56C01
1mtpA02	1mtpA02
1np7B02	1np7B02
1odmA00	1odmA00
1or7C00	1or7C00
1pgjA02	1pgjA02
1pwuA04	1pwuA04
1qhhD01	1qhhD01
1r3eA01	1r3eA01
1rl0A02	1rl0A02
1s68A02	1s68A02
1skzA02	1skzA02
1szhA02	1szhA02
1ti2A01	1ti2A01
1u2gC00	1u2gC00
1ulvA01	1ulvA01
1v6sA01	1v6sA01
1vnsA01	1vnsA01
1vw4K00	1vw4K00
1w36B05	1w36B05
1wg7A01	1wg7A01
1wouA00	1wouA00
1wz2A05	1wz2A05
1xn9A00	1xn9A00
1y80A00	1y80A00
1yt3A02	1yt3A02
1zc1A01	1zc1A01
1zv8G00	1zv8G00
2aj0A00	2aj0A00
2b5eA03	2b5eA03
2bw2A02	2bw2A02
2cfxA01	2cfxA01
2cw7A03	2cw7A03
2dchX02	2dchX02
2dqaA00	2dqaA00
2e63A00	2e63A00
2eo2A00	2eo2A00
2f99C00	2f99C00
2fp8B00	2fp8B00
2giyB00	2giyB00
2h41A00	2h41A00
2hgsA04	2hgsA04
2hzhA03	2hzhA03
2issC00	2issC00
2jekA00	2jekA00
2jpiA00	2jpiA00
2k0sA00	2k0sA00
2kc3A00	2kc3A00
2kkmA01	2kkmA01
2ksdA00	2ksdA00
2l0bA00	2l0bA00
2lc3A00	2lc3A00
2lmlA00	2lmlA00
2lw5A00	2lw5A00
2m87A00	2m87A00
2mm2A00	2mm2A00
2nn4A00	2nn4A00
2o62A01	2o62A01
2oxvA00	2oxvA00
2pjpA02	2pjpA02
2qc7A02	2qc7A02
2qyuA01	2qyuA01
2rowA01	2rowA01
2v1nA01	2v1nA01
2vklA00	2vklA00
2vzsA01	2vzsA01
2wdqC00	2wdqC00
2wyhB04	2wyhB04
2xfdA00	2xfdA00
2xwpA02	2xwpA02
2yevC00	2yevC00
2yuyA00	2yuyA00
2zihC00	2zihC00
2zy9A03	2zy9A03
3ahcA01	3ahcA01
3b0xA05	3b0xA05
3bsoA02	3bsoA02
3ch3X00	3ch3X00
3cymA03	3cymA03
3dsoA00	3dsoA00
3eqnA02	3eqnA02
3fa9A00	3fa9A00
3fprA00	3fprA00
3gldA02	3gldA02
3h7hB00	3h7hB00
3hugD00	3hugD00
3ifuA02	3ifuA02
3jamY00	3jamY00
3k6sD04	3k6sD04
3k6sD04	2gy5A03
3kvnA02	3kvnA02
3libA02	3libA02
3m8uA02	3m8uA02
3n05A03	3n05A03
3nvnA00	3nvnA00
3ojwA03	3ojwA03
3p7lA03	3p7lA03
3pt1A02	3pt1A02
3qiiA00	3qiiA00
3rfyA02	3rfyA02
3slpA00	3slpA00
3tc1B00	3tc1B00
3txsC01	3txsC01
3v3tA02	3v3tA02
3vq2C00	3vq2C00
3wajA04	3wajA04
3wwtA00	3wwtA00
3zscA00	3zscA00
4a2qA02	4a2qA02
4ak1A01	4ak1A01
4aw9A00	4aw9A00
4bg7A00	4bg7A00
4bxpA00	4bxpA00
4ci8A02	4ci8A02
4dckA01	4dckA01
4e1pA00	4e1pA00
4ex6A02	4ex6A02
4fm9A04	4fm9A04
4g1vA03	4g1vA03
4h0oA02	4h0oA02
4hw6A01	4hw6A01
4ie5A02	4ie5A02
4it4A02	4it4A02
4jk8B01	4jk8B01
4kdiD00	4kdiD00
4l9mA01	4l9mA01
4m1xD00	4m1xD00
4n8nC00	4n8nC00
4nz1A01	4nz1A01
4p1zA00	4p1zA00
4qdcA02	4qdcA02
4rpaA02	4rpaA02
4uejA02	4uejA02
4wz3B02	4wz3B02
4z2aA01	4z2aA01
5a8wB02	5a8wB02
5cbgA00	5cbgA00
5e6tA02	5e6tA02
5g2cA00	5g2cA00
5in1A01	5in1A01
5kp7A02	5kp7A02
1a0sP00	1a0sP00
1adnA00	1adnA00
1aznA00	1aznA00
1bd3A00	1bd3A00
1bt9A00	1bt9A00
1c7sA04	1c7sA04
1ckmA02	1ckmA02
1d8bA00	1d8bA00
1dpgA02	1dpgA02
1e7uA04	1e7uA04
1ek4A01	1ek4A01
1f00I02	1f00I02
1fjkA00	1fjkA00
1g1xB00	1g1xB00
1gjzA00	1gjzA00
1gxeA00	1gxeA00
1ha8A00	1ha8A00
1htlA00	1htlA00
1ib8A01	1ib8A01
1iq8A03	1iq8A03
1j7gA00	1j7gA00
1jkwA02	1jkwA02
1jzdC00	1jzdC00
1khcA01	1khcA01
1kvkA02	1kvkA02
1lf6A02	1lf6A02
1m0sA02	1m0sA02
1mkfA02	1mkfA02
1n95A00	1n95A00
1np8A00	1np8A00
1oe4A00	1oe4A00
1orsC00	1orsC00
1pgl100	1pgl100
1pxyA04	1pxyA04
1qj8A00	1qj8A00
1r3fA02	1r3fA02
1rm6B02	1rm6B02
1s6lA01	1s6lA01
1sm7A00	1sm7A00
1szlA01	1szlA01
1tifA00	1tifA00
1u3bA01	1u3bA01
1ulvA04	1ulvA04
1v6zA01	1v6zA01
1vp2A00	1vp2A00
1vw4L01	1vw4L01
1w36C04	1w36C04
1wgfA01	1wgfA01
1wp9B03	1wp9B03
1wzaA02	1wzaA02
1xneA00	1xneA00
1y9xA01	1y9xA01
1yt3A03	1yt3A03
1zc3B00	1zc3B00
1zvuA02	1zvuA02
2ajtA01	2ajtA01
2b5nB00	2b5nB00
2bxkA06	2bxkA06
2cfxA02	2cfxA02
2cwlA01	2cwlA01
2dckA02	2dckA02
2dqlA00	2dqlA00
2e67A00	2e67A00
2ep8A01	2ep8A01
2faoA01	2faoA01
2fphX01	2fphX01
2gj3A00	2gj3A00
2h5fA00	2h5fA00
2hh7A00	2hh7A00
2i00A03	2i00A03
2it1A03	2it1A03
2jfdA03	2jfdA03
2jpnA00	2jpnA00
2k1oA00	2k1oA00
2kcnA00	2kcnA00
2kkuA00	2kkuA00
2ksfA00	2ksfA00
2l0cA00	2l0cA00
2lcjA00	2lcjA00
2ln3A00	2ln3A00
2lwxA00	2lwxA00
2m8eA00	2m8eA00
2mmbA00	2mmbA00
2nn6G03	2nn6G03
2o71A00	2o71A00
2oy8A02	2oy8A02
2pk0A00	2pk0A00
2qenA01	2qenA01
2qyuA03	2qyuA03
2rp4A00	2rp4A00
2v1xA01	2v1xA01
2vl7A02	2vl7A02
2vzsA02	2vzsA02
2wg3D02	2wg3D02
2wyhB06	2wyhB06
2xfvA00	2xfvA00
2xwsA00	2xwsA00
2yfaA02	2yfaA02
2yveB00	2yveB00
2ziuA02	2ziuA02
2zyrA01	2zyrA01
3ahcA02	3ahcA02
3b21A00	3b21A00
3bt4A00	3bt4A00
3chxB00	3chxB00
3czgA01	3czgA01
3duzA02	3duzA02
3er0A02	3er0A02
3fakA00	3fakA00
3fspA03	3fspA03
3glvA00	3glvA00
3h7iA02	3h7iA02
3hunA01	3hunA01
3ig5A03	3ig5A03
3jamb00	3jamb00
3k6sD05	3k6sD05
3kxeC01	3kxeC01
3lidA03	3lidA03
3m9bA03	3m9bA03
3n2oA03	3n2oA03
3nvqA03	3nvqA03
3ol4A02	3ol4A02
3p7zA01	3p7zA01
3pubA01	3pubA01
3qjoA02	3qjoA02
3rfzB01	3rfzB01
3sluB01	3sluB01
3td7A02	3td7A02
3u0vA00	3u0vA00
3v69B00	3v69B00
3vrdA01	3vrdA01
3waqA00	3waqA00
3wx4A00	3wx4A00
3zssA02	3zssA02
4a35A02	4a35A02
4ak1A04	4ak1A04
4axzA00	4axzA00
4bgdA06	4bgdA06
4bxuA00	4bxuA00
4cisA01	4cisA01
4dcmA01	4dcmA01
4e1sA00	4e1sA00
4f0aB02	4f0aB02
4fmlA00	4fmlA00
4g59C02	4g59C02
4h14A00	4h14A00
4hwiB01	4hwiB01
4iejA00	4iejA00
4itrB00	4itrB00
4jlcA03	4jlcA03
4ke4A01	4ke4A01
4la2A00	4la2A00
4m37A02	4m37A02
4n9jA02	4n9jA02
4nzcA02	4nzcA02
4p2bA03	4p2bA03
4qhuC00	4qhuC00
4rr5A02	4rr5A02
4uhvA03	4uhvA03
4wzxA01	4wzxA01
4z2zB00	4z2zB00
5a9tA02	5a9tA02
5ccbA01	5ccbA01
5e6zA03	5e6zA03
5g5gB01	5g5gB01
5in3A01	5in3A01
5kswB01	5kswB01
1a15A00	1a15A00
1aepA00	1aepA00
1b06A01	1b06A01
1bdhA01	1bdhA01
1bu6O01	1bu6O01
1c7tA03	1c7tA03
1cliA02	1cliA02
1d8jA00	1d8jA00
1dqaD01	1dqaD01
1e8gA04	1e8gA04
1el6A01	1el6A01
1f02T00	1f02T00
1fjrA02	1fjrA02
1g2rA00	1g2rA00
1gk9B03	1gk9B03
1gxlA02	1gxlA02
1hbkA00	1hbkA00
1htwA00	1htwA00
1ib8A02	1ib8A02
1iqoA00	1iqoA00
1j7mA00	1j7mA00
1jl5A00	1jl5A00
1k12A00	1k12A00
1khcA02	1khcA02
1kvnA00	1kvnA00
1lfwA03	1lfwA03
1m1hA02	1m1hA02
1mmnA06	1mmnA06
1n9rB00	1n9rB00
1nsjA00	1nsjA00
1of9A00	1of9A00
1otkA00	1otkA00
1pgsA02	1pgsA02
1pxyB01	1pxyB01
1qklA00	1qklA00
1r44A00	1r44A00
1rmgA00	1rmgA00
1s6lA02	1s6lA02
1smpI00	1smpI00
1sznA02	1sznA02
1tjoB00	1tjoB00
1u3iA01	1u3iA01
1um8A02	1um8A02
1v74B00	1v74B00
1vphB00	1vphB00
1vw4L02	1vw4L02
1w36C06	1w36C06
1wgxA00	1wgxA00
1wpbB02	1wpbB02
1wzaA03	1wzaA03
1xo0A01	1xo0A01
1y9zA02	1y9zA02
1ytzT00	1ytzT00
1zcaA02	1zcaA02
1zvuA03	1zvuA03
2akkA00	2akkA00
2b7uA02	2b7uA02
2bxrA03	2bxrA03
2ch0A01	2ch0A01
2cwrA00	2cwrA00
2ddhA02	2ddhA02
2druA01	2druA01
2e6jA00	2e6jA00
2epkX01	2epkX01
2fb2B00	2fb2B00
2fphX02	2fphX02
2gjhA00	2gjhA00
2h6oA01	2h6oA01
2hhiA01	2hhiA01
2i0kA02	2i0kA02
2itaA01	2itaA01
2jfqA02	2jfqA02
2jq3A00	2jq3A00
2k2wA00	2k2wA00
2kcoA01	2kcoA01
2kkxA00	2kkxA00
2kslA00	2kslA00
2l0dA00	2l0dA00
2lclA00	2lclA00
2looA02	2looA02
2lxeA01	2lxeA01
2m9hA00	2m9hA00
2mmpA00	2mmpA00
2nn6I02	2nn6I02
2o8bA04	2o8bA04
2oyhA00	2oyhA00
2plcA00	2plcA00
2qfcA00	2qfcA00
2qyzA01	2qyzA01
2rpaA00	2rpaA00
2v1xA03	2v1xA03
2vn8A02	2vn8A02
2vzsA04	2vzsA04
2wg5F02	2wg5F02
2wzfA03	2wzfA03
2xfzY00	2xfzY00
2xwtC00	2xwtC00
2yguC00	2yguC00
2yvsA02	2yvsA02
2zj8A03	2zj8A03
2zyrA02	2zyrA02
3ahcA03	3ahcA03
3b2eH00	3b2eH00
3bt7A02	3bt7A02
3chxC00	3chxC00
3d03A02	3d03A02
3dvhA00	3dvhA00
3er6A00	3er6A00
3fanA01	3fanA01
3fv6A00	3fv6A00
3gm8A04	3gm8A04
3h7jA02	3h7jA02
3hvnA04	3hvnA04
3ig9A00	3ig9A00
3jb9H00	3jb9H00
3k6yA01	3k6yA01
3kxyT00	3kxyT00
3liyA00	3liyA00
3m9gA03	3m9gA03
3n40P03	3n40P03
3nw0A03	3nw0A03
3on9A00	3on9A00
3p9aF00	3p9aF00
3pubA02	3pubA02
3qjoA03	3qjoA03
3rfzB04	3rfzB04
3spdA00	3spdA00
3tdcA02	3tdcA02
3u13A02	3u13A02
3v6zE00	3v6zE00
3vseA01	3vseA01
3wbjA03	3wbjA03
3wxyA02	3wxyA02
3zsuA00	3zsuA00
4a37A02	4a37A02
4akgA02	4akgA02
4aybL00	4aybL00
4bgdA07	4bgdA07
4c00A04	4c00A04
4cj0A01	4cj0A01
4dczA00	4dczA00
4e1yA00	4e1yA00
4f0qD01	4f0qD01
4fn5A05	4fn5A05
4g6hA00	4g6hA00
4h2iA02	4h2iA02
4hwiB02	4hwiB02
4ifdE00	4ifdE00
4iucS01	4iucS01
4jmfB00	4jmfB00
4kfcB02	4kfcB02
4lbhA00	4lbhA00
4m4pA02	4m4pA02
4nbzA00	4nbzA00
4nzjA03	4nzjA03
4p2cA01	4p2cA01
4qiwB04	4qiwB04
4ruvA00	4ruvA00
4ui9Y03	4ui9Y03
4x33A00	4x33A00
4z3tA02	4z3tA02
5ac4A02	5ac4A02
5cehA02	5cehA02
5e99H01	5e99H01
5g5gB02	5g5gB02
5ipyA02	5ipyA02
5kszA03	5kszA03
1a1zA00	1a1zA00
1af7A01	1af7A01
1b1yA00	1b1yA00
1bdyA00	1bdyA00
1bv8A00	1bv8A00
1c80A00	1c80A00
1cm3A00	1cm3A00
1d9sA00	1d9sA00
1dqcA00	1dqcA00
1e8rA00	1e8rA00
1eluA02	1eluA02
1f06A02	1f06A02
1fl0A00	1fl0A00
1g31A00	1g31A00
1gkgA02	1gkgA02
1gxmB00	1gxmB00
1hbwA00	1hbwA00
1hufA00	1hufA00
1ibcB00	1ibcB00
1irmC00	1irmC00
1j8cA00	1j8cA00
1jlcB04	1jlcB04
1k32A01	1k32A01
1khiA01	1khiA01
1kwgA02	1kwgA02
1li1B00	1li1B00
1m1qA00	1m1qA00
3tdgA01	3tdgA01
3u28C00	3u28C00
3v7dD01	3v7dD01
3vsfC01	3vsfC01
3wctD00	3wctD00
3wy8A01	3wy8A01
3ztdF01	3ztdF01
4a47A00	4a47A00
4akgA04	4akgA04
4ayoA00	4ayoA00
4bgdA08	4bgdA08
4c0aA02	4c0aA02
4ckmB00	4ckmB00
4ddnA00	4ddnA00
4e57A03	4e57A03
4f2cB00	4f2cB00
4fnvA01	4fnvA01
4g6vB00	4g6vB00
4h2wA00	4h2wA00
4hxiA02	4hxiA02
4ifdG01	4ifdG01
4iugA05	4iugA05
4jmqA02	4jmqA02
4kfuA00	4kfuA00
4lc1A03	4lc1A03
4m4sA02	4m4sA02
4nc7A00	4nc7A00
4o4xA02	4o4xA02
4p6vF01	4p6vF01
4qiwK00	4qiwK00
4rv2B00	4rv2B00
4ujkM00	4ujkM00
4x8yB00	4x8yB00
4z3xA03	4z3xA03
5ad1A02	5ad1A02
5cj9A02	5cj9A02
5e9aB03	5e9aB03
5g6vA01	5g6vA01
5iqlA00	5iqlA00
5kvsA02	5kvsA02
1a2nA02	1a2nA02
1afsA00	1afsA00
1b20B00	1b20B00
1bebA00	1bebA00
1bvnP01	1bvnP01
1c8jA00	1c8jA00
1cneA02	1cneA02
1dceA02	1dceA02
1dqgA00	1dqgA00
1e8uA00	1e8uA00
1encA00	1encA00
1f08B00	1f08B00
1fl7D00	1fl7D00
1g4dA00	1g4dA00
1gkuB04	1gkuB04
1gxsA00	1gxsA00
1hciA03	1hciA03
1hvxA02	1hvxA02
1ibxB00	1ibxB00
1irzA00	1irzA00
1j8mF01	1j8mF01
1jlxA01	1jlxA01
1k32A02	1k32A02
1khmA00	1khmA00
1kwgA03	1kwgA03
1lkoA01	1lkoA01
1m2dA00	1m2dA00
1mmuA00	1mmuA00
1nbeB01	1nbeB01
1ntvA00	1ntvA00
1ogoX02	1ogoX02
1ou5A02	1ou5A02
1pi2A00	1pi2A00
1pytA00	1pytA00
1qlhA02	1qlhA02
1r4wA01	1r4wA01
1rp3A01	1rp3A01
1s7bA00	1s7bA00
1so9A00	1so9A00
1t0iA00	1t0iA00
1tknA00	1tknA00
1u5tA02	1u5tA02
1uouA01	1uouA01
1v7mV00	1v7mV00
1vq8B03	1vq8B03
1vw4T01	1vw4T01
1w36F02	1w36F02
1wh4A01	1wh4A01
1wpiA00	1wpiA00
1x1yE00	1x1yE00
1xovA01	1xovA01
1yavB00	1yavB00
1yu2A03	1yu2A03
1zcdA00	1zcdA00
1zx0A00	1zx0A00
2an7A00	2an7A00
2b8zA00	2b8zA00
2byvE05	2byvE05
2citA00	2citA00
2czcA02	2czcA02
2ddzE00	2ddzE00
2dskA00	2dskA00
2e84A02	2e84A02
2ervA00	2ervA00
2fd5A02	2fd5A02
2fsfB03	2fsfB03
2gjvA00	2gjvA00
2h6oA03	2h6oA03
2hjdA00	2hjdA00
2i14A01	2i14A01
2ivfB00	2ivfB00
2jh3A03	2jh3A03
2jqzA00	2jqzA00
2k3dA00	2k3dA00
2kd1A00	2kd1A00
2kl5A00	2kl5A00
2kssA01	2kssA01
2l1iA00	2l1iA00
2lcuA01	2lcuA01
2lorA00	2lorA00
2lydA00	2lydA00
2mb7A00	2mb7A00
2mogA00	2mogA00
2np9A01	2np9A01
2o8lA02	2o8lA02
2oz4A01	2oz4A01
2pmzN00	2pmzN00
2qfpA01	2qfpA01
2r18A01	2r18A01
2rqaA00	2rqaA00
2v3vA01	2v3vA01
2vpvA00	2vpvA00
2w0gA00	2w0gA00
2wh6A00	2wh6A00
2wzpR02	2wzpR02
2xheA03	2xheA03
2xxpA02	2xxpA02
2yhgA02	2yhgA02
2yw2A03	2yw2A03
2zl1A00	2zl1A00
2zyzC00	2zyzC00
3ajaB00	3ajaB00
3b42A00	3b42A00
3bxwA03	3bxwA03
3cjhI00	3cjhI00
3d2fA02	3d2fA02
3e0gA03	3e0gA03
3ervA00	3ervA00
3favD00	3favD00
3fx7A00	3fx7A00
3gmfA02	3gmfA02
3h86A00	3h86A00
3hxlA02	3hxlA02
3ihgA03	3ihgA03
3jc2200	3jc2200
3k7dA01	3k7dA01
3kyhC01	3kyhC01
3lmmC04	3lmmC04
3majA02	3majA02
3n4jA00	3n4jA00
3nwsA02	3nwsA02
3onmA02	3onmA02
3pcoB06	3pcoB06
3pvtA00	3pvtA00
3qnmA02	3qnmA02
3rguB00	3rguB00
3sqnA02	3sqnA02
3tdnA00	3tdnA00
3u3pA01	3u3pA01
3v7nA01	3v7nA01
3vsjD00	3vsjD00
3wd6A02	3wd6A02
3wz2B00	3wz2B00
3zuiA00	3zuiA00
4a4aA02	4a4aA02
4akgA06	4akgA06
4az3B00	4az3B00
4bgoA00	4bgoA00
4c0sB03	4c0sB03
4clcA00	4clcA00
4deqA02	4deqA02
4e5rA00	4e5rA00
4f3vB01	4f3vB01
4fomA02	4fomA02
4g7eA01	4g7eA01
4h5bA00	4h5bA00
4hzuS00	4hzuS00
4ifsA01	4ifsA01
4iupB01	4iupB01
4joiC00	4joiC00
4kigA02	4kigA02
4lctA00	4lctA00
4m5bA00	4m5bA00
4ncbA02	4ncbA02
4o5qA01	4o5qA01
4p78C00	4p78C00
4qjfB01	4qjfB01
4ry2A01	4ry2A01
4uqxA01	4uqxA01
4xaaA00	4xaaA00
4z9cA00	4z9cA00
5ahoA02	5ahoA02
5cl8A00	5cl8A00
5ecwA00	5ecwA00
5gaeN01	5gaeN01
5is2A01	5is2A01
5kytA01	5kytA01
1a39A00	1a39A00
1ahpA01	1ahpA01
1b22A00	1b22A00
1beoA00	1beoA00
1bvoA00	1bvoA00
1c8uA01	1c8uA01
1cp2A00	1cp2A00
1dd3A01	1dd3A01
1ds1A00	1ds1A00
1e94E03	1e94E03
1eo0A00	1eo0A00
1f0xA03	1f0xA03
1floA01	1floA01
1g4fA00	1g4fA00
1gm5A01	1gm5A01
1gxtA00	1gxtA00
1hciA04	1hciA04
1hw7A02	1hw7A02
1ic8A02	1ic8A02
1isuA00	1isuA00
1j9qA01	1j9qA01
1jmuB04	1jmuB04
1k32A04	1k32A04
1khvA01	1khvA01
1kx3D00	1kx3D00
1ll7A02	1ll7A02
1m2oA05	1m2oA05
1mnmC00	1mnmC00
1nbuA00	1nbuA00
1nu7D01	1nu7D01
1ogpA02	1ogpA02
1ovmA01	1ovmA01
1pieA02	1pieA02
1pyvA00	1pyvA00
1qltA03	1qltA03
1r55A00	1r55A00
1rq2B02	1rq2B02
1s7oB00	1s7oB00
1sqgA01	1sqgA01
1t0vA01	1t0vA01
1tltA02	1tltA02
1u5tB01	1u5tB01
1uoyA01	1uoyA01
1v7wA01	1v7wA01
1vq8C00	1vq8C00
1vw4V00	1vw4V00
1w4sA00	1w4sA00
1wh7A01	1wh7A01
1wpqA01	1wpqA01
1x3qA00	1x3qA00
1xovA03	1xovA03
1ybzA00	1ybzA00
1yuaA01	1yuaA01
1zczA03	1zczA03
1zxfA00	1zxfA00
2apsA00	2apsA00
2b97A00	2b97A00
2c0fB01	2c0fB01
2ciuA00	2ciuA00
2czvC01	2czvC01
2de3A02	2de3A02
2dv6A02	2dv6A02
2e8gA01	2e8gA01
2esnA03	2esnA03
2ff4A01	2ff4A01
2ft0A00	2ft0A00
2gjxA02	2gjxA02
2h6tA02	2h6tA02
2hjjA00	2hjjA00
2i1jA01	2i1jA01
2ivfC00	2ivfC00
2jh3A04	2jh3A04
2jr1A01	2jr1A01
2kd2A01	2kd2A01
2kl7A00	2kl7A00
2kt7A01	2kt7A01
2l1lB00	2l1lB00
2ld7A00	2ld7A00
2losA00	2losA00
2lz0A00	2lz0A00
2mblA01	2mblA01
2mq8A00	2mq8A00
2npbA00	2npbA00
2o8xA00	2o8xA00
2ozeA00	2ozeA00
2pn5A05	2pn5A05
2qfyA00	2qfyA00
2r18A02	2r18A02
2rqlA00	2rqlA00
2v4vA00	2v4vA00
2vqeD02	2vqeD02
2w0nA00	2w0nA00
2wl8C00	2wl8C00
2wzpR03	2wzpR03
2xhgA01	2xhgA01
2xz2A00	2xz2A00
2yilA02	2yilA02
2yx1A01	2yx1A01
2zm5A02	2zm5A02
2zzjA00	2zzjA00
3ajdA01	3ajdA01
3b59A01	3b59A01
3c0wA02	3c0wA02
3cjpA00	3cjpA00
3d37A02	3d37A02
3e0jB00	3e0jB00
3es6B00	3es6B00
3fbyA02	3fbyA02
3fxbA00	3fxbA00
3gmgA00	3gmgA00
3h90A02	3h90A02
3hy0A01	3hy0A01
3ihjA03	3ihjA03
3jc6201	3jc6201
3k7dA02	3k7dA02
3kyqA02	3kyqA02
3lmoA00	3lmoA00
3mc9A01	3mc9A01
3n6rA03	3n6rA03
3nytA02	3nytA02
3oorA01	3oorA01
3pdiA02	3pdiA02
3pweA01	3pweA01
3qp8A00	3qp8A00
3rgzA02	3rgzA02
3sr3A02	3sr3A02
3tdvA02	3tdvA02
3u43B00	3u43B00
3v7oA00	3v7oA00
3vskA02	3vskA02
3wdoA01	3wdoA01
3x0uB01	3x0uB01
3zuxA00	3zuxA00
4a4aA03	4a4aA03
4akgA08	4akgA08
4az6A02	4az6A02
4bhtA02	4bhtA02
4c0xA00	4c0xA00
4cm2A02	4cm2A02
4dglB01	4dglB01
4e6kG00	4e6kG00
4f52C02	4f52C02
4fomA03	4fomA03
4g80T00	4g80T00
4h61A00	4h61A00
4i0xG00	4i0xG00
4ig8A02	4ig8A02
4iv9A03	4iv9A03
4joxA00	4joxA00
4kjmA02	4kjmA02
4ldvA02	4ldvA02
4m6gA00	4m6gA00
4ncbA05	4ncbA05
4o6mA01	4o6mA01
4pbcB01	4pbcB01
4qloA00	4qloA00
4s2rP02	4s2rP02
4usaA02	4usaA02
4xc7B01	4xc7B01
4zasA02	4zasA02
5ahyA00	5ahyA00
5cmbA02	5cmbA02
5ejwA00	5ejwA00
5gaea00	5gaea00
5is2A02	5is2A02
5l3qB02	5l3qB02
1a3dA00	1a3dA00
1ahsA00	1ahsA00
1b2rA02	1b2rA02
1bf2A01	1bf2A01
1bw3A00	1bw3A00
1c8zA00	1c8zA00
1cpoA00	1cpoA00
1dd5A02	1dd5A02
1ds8M02	1ds8M02
1e9rA02	1e9rA02
1eokA00	1eokA00
1f0xA04	1f0xA04
1fmjA00	1fmjA00
1g4wR02	1g4wR02
1gmeA00	1gmeA00
1gxyA00	1gxyA00
1hcnA00	1hcnA00
1hwzA03	1hwzA03
1icfI00	1icfI00
1iu1B00	1iu1B00
1ja8A02	1ja8A02
1jmxA02	1jmxA02
1k3eB02	1k3eB02
1kiuB01	1kiuB01
1kx3G00	1kx3G00
1ll8A00	1ll8A00
1m3yA01	1m3yA01
1mp1A00	1mp1A00
1nbwB00	1nbwB00
1nvmA01	1nvmA01
1ogqA00	1ogqA00
1ow4A00	1ow4A00
1pixA01	1pixA01
1pz3A02	1pz3A02
1qmgA02	1qmgA02
1r6aA00	1r6aA00
1rqpA01	1rqpA01
1sb0A00	1sb0A00
1sqpF00	1sqpF00
1t10A02	1t10A02
1tmmA00	1tmmA00
1u60A00	1u60A00
1upsB01	1upsB01
1v8cA01	1v8cA01
1vq8L01	1vq8L01
1vw4Z00	1vw4Z00
1w4tA02	1w4tA02
1whbA01	1whbA01
1wpuA00	1wpuA00
1xoyA00	1xoyA00
1ycdB00	1ycdB00
1yuaA02	1yuaA02
1zelA01	1zelA01
1zxiC03	1zxiC03
2ar3B00	2ar3B00
2b99C00	2b99C00
2c0hA00	2c0hA00
2d05A02	2d05A02
2derA02	2derA02
2dwcA01	2dwcA01
2e8oA01	2e8oA01
2etnB01	2etnB01
2ff4A02	2ff4A02
2fukA00	2fukA00
2gloA00	2gloA00
2h7tA01	2h7tA01
2hjqA02	2hjqA02
2i1oA02	2i1oA02
2ivgA01	2ivgA01
2ji7A03	2ji7A03
2jrfA01	2jrfA01
2k3oA00	2k3oA00
2k3oA00	2k3nA00
2kd3A00	2kd3A00
2klnA00	2klnA00
2kt9A01	2kt9A01
2l1nA00	2l1nA00
2lekA00	2lekA00
2lp7A00	2lp7A00
2m1hA00	2m1hA00
2mc5A00	2mc5A00
2mq9A00	2mq9A00
2nptB01	2nptB01
2oarC01	2oarC01
2p08B00	2p08B00
2pnjA02	2pnjA02
2qi2A03	2qi2A03
2r6uA01	2r6uA01
2rqpA00	2rqpA00
2v5cA03	2v5cA03
2vqeI00	2vqeI00
2w2gA02	2w2gA02
2wlgB00	2wlgB00
2x0qA01	2x0qA01
2xhgA02	2xhgA02
2xzhA00	2xzhA00
2yinA03	2yinA03
2yxlA01	2yxlA01
2zodA02	2zodA02
3a0fA02	3a0fA02
3ajyA00	3ajyA00
3b5kB00	3b5kB00
3c12A02	3c12A02
3ck6C02	3ck6C02
3d3cK00	3d3cK00
3e3vA03	3e3vA03
3esiA00	3esiA00
3fcsA03	3fcsA03
3fxdB00	3fxdB00
3gn3A00	3gn3A00
3h99A03	3h99A03
3hzrA01	3hzrA01
3iiiA02	3iiiA02
3jciA00	3jciA00
3k7dA03	3k7dA03
3kz3A00	3kz3A00
3lnnB03	3lnnB03
3mcaB02	3mcaB02
3n6rA04	3n6rA04
3nz3A00	3nz3A00
3op0A01	3op0A01
3pdiB01	3pdiB01
3pweA03	3pweA03
3qq5A02	3qq5A02
3rh7A02	3rh7A02
2d0bA02	2d0bA02
2derA03	2derA03
2dwcA03	2dwcA03
2e8yA01	2e8yA01
